<?xml version="1.0" encoding="ISO-8859-1" ?>
<link_info>
   <banner>TI ARM Linker PC v20.2.5.LTS</banner>
   <copyright>Copyright (c) 1996-2018 Texas Instruments Incorporated</copyright>
   <link_time>0x621e859f</link_time>
   <link_errors>0x0</link_errors>
   <output_file>Competency_Exam.out</output_file>
   <entry_point>
      <name>_c_int00_noargs</name>
      <address>0x841</address>
   </entry_point>
   <input_file_list>
      <input_file id="fl-2">
         <path>.\</path>
         <kind>object</kind>
         <file>main.obj</file>
         <name>main.obj</name>
      </input_file>
      <input_file id="fl-3">
         <path>.\</path>
         <kind>object</kind>
         <file>startup_msp432p401r_ccs.obj</file>
         <name>startup_msp432p401r_ccs.obj</name>
      </input_file>
      <input_file id="fl-4">
         <path>.\</path>
         <kind>object</kind>
         <file>system_msp432p401r.obj</file>
         <name>system_msp432p401r.obj</name>
      </input_file>
      <input_file id="fl-8">
         <kind>object</kind>
         <file>&lt;internal&gt;</file>
         <name>&lt;internal&gt;</name>
      </input_file>
      <input_file id="fl-be">
         <path>C:\ti\ccs1040\ccs\tools\compiler\ti-cgt-arm_20.2.5.LTS\lib\</path>
         <kind>archive</kind>
         <file>rtsv7M4_T_le_v4SPD16_eabi.lib</file>
         <name>copy_zero_init.c.obj</name>
      </input_file>
      <input_file id="fl-bf">
         <path>C:\ti\ccs1040\ccs\tools\compiler\ti-cgt-arm_20.2.5.LTS\lib\</path>
         <kind>archive</kind>
         <file>rtsv7M4_T_le_v4SPD16_eabi.lib</file>
         <name>copy_decompress_none.c.obj</name>
      </input_file>
      <input_file id="fl-c0">
         <path>C:\ti\ccs1040\ccs\tools\compiler\ti-cgt-arm_20.2.5.LTS\lib\</path>
         <kind>archive</kind>
         <file>rtsv7M4_T_le_v4SPD16_eabi.lib</file>
         <name>copy_decompress_lzss.c.obj</name>
      </input_file>
      <input_file id="fl-c1">
         <path>C:\ti\ccs1040\ccs\tools\compiler\ti-cgt-arm_20.2.5.LTS\lib\</path>
         <kind>archive</kind>
         <file>rtsv7M4_T_le_v4SPD16_eabi.lib</file>
         <name>boot_cortex_m.c.obj</name>
      </input_file>
      <input_file id="fl-c2">
         <path>C:\ti\ccs1040\ccs\tools\compiler\ti-cgt-arm_20.2.5.LTS\lib\</path>
         <kind>archive</kind>
         <file>rtsv7M4_T_le_v4SPD16_eabi.lib</file>
         <name>memcpy_t2.asm.obj</name>
      </input_file>
      <input_file id="fl-c3">
         <path>C:\ti\ccs1040\ccs\tools\compiler\ti-cgt-arm_20.2.5.LTS\lib\</path>
         <kind>archive</kind>
         <file>rtsv7M4_T_le_v4SPD16_eabi.lib</file>
         <name>memset_t2.asm.obj</name>
      </input_file>
      <input_file id="fl-c4">
         <path>C:\ti\ccs1040\ccs\tools\compiler\ti-cgt-arm_20.2.5.LTS\lib\</path>
         <kind>archive</kind>
         <file>rtsv7M4_T_le_v4SPD16_eabi.lib</file>
         <name>autoinit.c.obj</name>
      </input_file>
      <input_file id="fl-c5">
         <path>C:\ti\ccs1040\ccs\tools\compiler\ti-cgt-arm_20.2.5.LTS\lib\</path>
         <kind>archive</kind>
         <file>rtsv7M4_T_le_v4SPD16_eabi.lib</file>
         <name>pre_init.c.obj</name>
      </input_file>
      <input_file id="fl-c6">
         <path>C:\ti\ccs1040\ccs\tools\compiler\ti-cgt-arm_20.2.5.LTS\lib\</path>
         <kind>archive</kind>
         <file>rtsv7M4_T_le_v4SPD16_eabi.lib</file>
         <name>cpy_tbl.c.obj</name>
      </input_file>
      <input_file id="fl-c7">
         <path>C:\ti\ccs1040\ccs\tools\compiler\ti-cgt-arm_20.2.5.LTS\lib\</path>
         <kind>archive</kind>
         <file>rtsv7M4_T_le_v4SPD16_eabi.lib</file>
         <name>exit.c.obj</name>
      </input_file>
      <input_file id="fl-c8">
         <path>C:\ti\ccs1040\ccs\tools\compiler\ti-cgt-arm_20.2.5.LTS\lib\</path>
         <kind>archive</kind>
         <file>rtsv7M4_T_le_v4SPD16_eabi.lib</file>
         <name>_lock.c.obj</name>
      </input_file>
      <input_file id="fl-c9">
         <path>C:\ti\ccs1040\ccs\tools\compiler\ti-cgt-arm_20.2.5.LTS\lib\</path>
         <kind>archive</kind>
         <file>rtsv7M4_T_le_v4SPD16_eabi.lib</file>
         <name>args_main.c.obj</name>
      </input_file>
   </input_file_list>
   <object_component_list>
      <object_component id="oc-26">
         <name>.intvecs:retain</name>
         <load_address>0x0</load_address>
         <run_address>0x0</run_address>
         <size>0xe4</size>
         <input_file_ref idref="fl-3"/>
      </object_component>
      <object_component id="oc-a5">
         <name>.text</name>
         <load_address>0xe4</load_address>
         <run_address>0xe4</run_address>
         <size>0x334</size>
         <input_file_ref idref="fl-4"/>
      </object_component>
      <object_component id="oc-93">
         <name>.text</name>
         <load_address>0x418</load_address>
         <run_address>0x418</run_address>
         <size>0x2e0</size>
         <input_file_ref idref="fl-2"/>
      </object_component>
      <object_component id="oc-37">
         <name>.text</name>
         <load_address>0x6f8</load_address>
         <run_address>0x6f8</run_address>
         <size>0x9c</size>
         <input_file_ref idref="fl-c2"/>
      </object_component>
      <object_component id="oc-17">
         <name>.text:decompress:lzss:__TI_decompress_lzss</name>
         <load_address>0x794</load_address>
         <run_address>0x794</run_address>
         <size>0x68</size>
         <input_file_ref idref="fl-c0"/>
      </object_component>
      <object_component id="oc-d8">
         <name>.text:__TI_auto_init_nobinit_nopinit:__TI_auto_init_nobinit_nopinit</name>
         <load_address>0x7fc</load_address>
         <run_address>0x7fc</run_address>
         <size>0x44</size>
         <input_file_ref idref="fl-c4"/>
      </object_component>
      <object_component id="oc-55">
         <name>.text:_c_int00_noargs:_c_int00_noargs</name>
         <load_address>0x840</load_address>
         <run_address>0x840</run_address>
         <size>0x34</size>
         <input_file_ref idref="fl-c1"/>
      </object_component>
      <object_component id="oc-1d">
         <name>.text:decompress:none:__TI_decompress_none</name>
         <load_address>0x874</load_address>
         <run_address>0x874</run_address>
         <size>0xe</size>
         <input_file_ref idref="fl-bf"/>
      </object_component>
      <object_component id="oc-67">
         <name>.text</name>
         <load_address>0x882</load_address>
         <run_address>0x882</run_address>
         <size>0xe</size>
         <input_file_ref idref="fl-3"/>
      </object_component>
      <object_component id="oc-8d">
         <name>.text:_system_pre_init</name>
         <load_address>0x890</load_address>
         <run_address>0x890</run_address>
         <size>0x4</size>
         <input_file_ref idref="fl-c5"/>
      </object_component>
      <object_component id="oc-cc">
         <name>.text:abort:abort</name>
         <load_address>0x894</load_address>
         <run_address>0x894</run_address>
         <size>0x4</size>
         <input_file_ref idref="fl-c7"/>
      </object_component>
      <object_component id="oc-1a5">
         <name>.cinit..data.load</name>
         <load_address>0x898</load_address>
         <run_address>0x898</run_address>
         <size>0xd</size>
      </object_component>
      <object_component id="oc-1a3">
         <name>__TI_handler_table</name>
         <load_address>0x8a8</load_address>
         <run_address>0x8a8</run_address>
         <size>0x8</size>
      </object_component>
      <object_component id="oc-1a4">
         <name>__TI_cinit_table</name>
         <load_address>0x8b0</load_address>
         <run_address>0x8b0</run_address>
         <size>0x8</size>
      </object_component>
      <object_component id="oc-177">
         <name>.binit</name>
         <load_address>0x0</load_address>
         <run_address>0x0</run_address>
         <size>0x0</size>
      </object_component>
      <object_component id="oc-c3">
         <name>.data</name>
         <load_address>0x20000000</load_address>
         <run_address>0x20000000</run_address>
         <size>0x18</size>
         <input_file_ref idref="fl-2"/>
      </object_component>
      <object_component id="oc-10a">
         <name>.data</name>
         <load_address>0x20000018</load_address>
         <run_address>0x20000018</run_address>
         <size>0x4</size>
         <input_file_ref idref="fl-4"/>
      </object_component>
      <object_component id="oc-29">
         <name>.stack</name>
         <uninitialized>true</uninitialized>
         <run_address>0x2000fe00</run_address>
         <size>0x4</size>
         <input_file_ref idref="fl-c1"/>
      </object_component>
      <object_component id="oc-1a7">
         <name>.stack</name>
         <uninitialized>true</uninitialized>
         <run_address>0x2000fe00</run_address>
         <size>0x0</size>
      </object_component>
      <object_component id="oc-113">
         <name>.debug_info</name>
         <load_address>0x0</load_address>
         <run_address>0x0</run_address>
         <size>0x51c</size>
         <input_file_ref idref="fl-2"/>
      </object_component>
      <object_component id="oc-c4">
         <name>.debug_info</name>
         <load_address>0x51c</load_address>
         <run_address>0x51c</run_address>
         <size>0x178</size>
         <input_file_ref idref="fl-2"/>
      </object_component>
      <object_component id="oc-94">
         <name>.debug_info</name>
         <load_address>0x694</load_address>
         <run_address>0x694</run_address>
         <size>0x5c9</size>
         <input_file_ref idref="fl-2"/>
      </object_component>
      <object_component id="oc-13a">
         <name>.debug_info</name>
         <load_address>0xc5d</load_address>
         <run_address>0xc5d</run_address>
         <size>0x37e2</size>
         <input_file_ref idref="fl-2"/>
      </object_component>
      <object_component id="oc-ae">
         <name>.debug_info</name>
         <load_address>0x443f</load_address>
         <run_address>0x443f</run_address>
         <size>0x26b</size>
         <input_file_ref idref="fl-2"/>
      </object_component>
      <object_component id="oc-13f">
         <name>.debug_info</name>
         <load_address>0x46aa</load_address>
         <run_address>0x46aa</run_address>
         <size>0x1055</size>
         <input_file_ref idref="fl-2"/>
      </object_component>
      <object_component id="oc-32">
         <name>.debug_info</name>
         <load_address>0x56ff</load_address>
         <run_address>0x56ff</run_address>
         <size>0x84</size>
         <input_file_ref idref="fl-2"/>
      </object_component>
      <object_component id="oc-10e">
         <name>.debug_info</name>
         <load_address>0x5783</load_address>
         <run_address>0x5783</run_address>
         <size>0x2a4</size>
         <input_file_ref idref="fl-2"/>
      </object_component>
      <object_component id="oc-c7">
         <name>.debug_info</name>
         <load_address>0x5a27</load_address>
         <run_address>0x5a27</run_address>
         <size>0xbb</size>
         <input_file_ref idref="fl-2"/>
      </object_component>
      <object_component id="oc-6f">
         <name>.debug_info</name>
         <load_address>0x5ae2</load_address>
         <run_address>0x5ae2</run_address>
         <size>0x2bc</size>
         <input_file_ref idref="fl-3"/>
      </object_component>
      <object_component id="oc-27">
         <name>.debug_info</name>
         <load_address>0x5d9e</load_address>
         <run_address>0x5d9e</run_address>
         <size>0xe8</size>
         <input_file_ref idref="fl-3"/>
      </object_component>
      <object_component id="oc-69">
         <name>.debug_info</name>
         <load_address>0x5e86</load_address>
         <run_address>0x5e86</run_address>
         <size>0x1af</size>
         <input_file_ref idref="fl-3"/>
      </object_component>
      <object_component id="oc-10b">
         <name>.debug_info</name>
         <load_address>0x6035</load_address>
         <run_address>0x6035</run_address>
         <size>0xe1</size>
         <input_file_ref idref="fl-4"/>
      </object_component>
      <object_component id="oc-a7">
         <name>.debug_info</name>
         <load_address>0x6116</load_address>
         <run_address>0x6116</run_address>
         <size>0x253</size>
         <input_file_ref idref="fl-4"/>
      </object_component>
      <object_component id="oc-42">
         <name>.debug_info</name>
         <load_address>0x6369</load_address>
         <run_address>0x6369</run_address>
         <size>0x2a8</size>
         <input_file_ref idref="fl-bf"/>
      </object_component>
      <object_component id="oc-21">
         <name>.debug_info</name>
         <load_address>0x6611</load_address>
         <run_address>0x6611</run_address>
         <size>0x1ea</size>
         <input_file_ref idref="fl-bf"/>
      </object_component>
      <object_component id="oc-3d">
         <name>.debug_info</name>
         <load_address>0x67fb</load_address>
         <run_address>0x67fb</run_address>
         <size>0x46</size>
         <input_file_ref idref="fl-bf"/>
      </object_component>
      <object_component id="oc-79">
         <name>.debug_info</name>
         <load_address>0x6841</load_address>
         <run_address>0x6841</run_address>
         <size>0x2c</size>
         <input_file_ref idref="fl-bf"/>
      </object_component>
      <object_component id="oc-77">
         <name>.debug_info</name>
         <load_address>0x686d</load_address>
         <run_address>0x686d</run_address>
         <size>0x29e</size>
         <input_file_ref idref="fl-c0"/>
      </object_component>
      <object_component id="oc-18">
         <name>.debug_info</name>
         <load_address>0x6b0b</load_address>
         <run_address>0x6b0b</run_address>
         <size>0x250</size>
         <input_file_ref idref="fl-c0"/>
      </object_component>
      <object_component id="oc-2d">
         <name>.debug_info</name>
         <load_address>0x6d5b</load_address>
         <run_address>0x6d5b</run_address>
         <size>0x60</size>
         <input_file_ref idref="fl-c0"/>
      </object_component>
      <object_component id="oc-b3">
         <name>.debug_info</name>
         <load_address>0x6dbb</load_address>
         <run_address>0x6dbb</run_address>
         <size>0x46</size>
         <input_file_ref idref="fl-c0"/>
      </object_component>
      <object_component id="oc-72">
         <name>.debug_info</name>
         <load_address>0x6e01</load_address>
         <run_address>0x6e01</run_address>
         <size>0x39</size>
         <input_file_ref idref="fl-c0"/>
      </object_component>
      <object_component id="oc-2a">
         <name>.debug_info</name>
         <load_address>0x6e3a</load_address>
         <run_address>0x6e3a</run_address>
         <size>0x10b</size>
         <input_file_ref idref="fl-c1"/>
      </object_component>
      <object_component id="oc-57">
         <name>.debug_info</name>
         <load_address>0x6f45</load_address>
         <run_address>0x6f45</run_address>
         <size>0x1a9</size>
         <input_file_ref idref="fl-c1"/>
      </object_component>
      <object_component id="oc-3a">
         <name>.debug_info</name>
         <load_address>0x70ee</load_address>
         <run_address>0x70ee</run_address>
         <size>0x119</size>
         <input_file_ref idref="fl-c2"/>
      </object_component>
      <object_component id="oc-121">
         <name>.debug_info</name>
         <load_address>0x7207</load_address>
         <run_address>0x7207</run_address>
         <size>0x4b3</size>
         <input_file_ref idref="fl-c4"/>
      </object_component>
      <object_component id="oc-d9">
         <name>.debug_info</name>
         <load_address>0x76ba</load_address>
         <run_address>0x76ba</run_address>
         <size>0x1a6</size>
         <input_file_ref idref="fl-c4"/>
      </object_component>
      <object_component id="oc-154">
         <name>.debug_info</name>
         <load_address>0x7860</load_address>
         <run_address>0x7860</run_address>
         <size>0x39</size>
         <input_file_ref idref="fl-c4"/>
      </object_component>
      <object_component id="oc-168">
         <name>.debug_info</name>
         <load_address>0x7899</load_address>
         <run_address>0x7899</run_address>
         <size>0x39</size>
         <input_file_ref idref="fl-c4"/>
      </object_component>
      <object_component id="oc-159">
         <name>.debug_info</name>
         <load_address>0x78d2</load_address>
         <run_address>0x78d2</run_address>
         <size>0x39</size>
         <input_file_ref idref="fl-c4"/>
      </object_component>
      <object_component id="oc-15e">
         <name>.debug_info</name>
         <load_address>0x790b</load_address>
         <run_address>0x790b</run_address>
         <size>0xcd</size>
         <input_file_ref idref="fl-c4"/>
      </object_component>
      <object_component id="oc-8f">
         <name>.debug_info</name>
         <load_address>0x79d8</load_address>
         <run_address>0x79d8</run_address>
         <size>0x153</size>
         <input_file_ref idref="fl-c5"/>
      </object_component>
      <object_component id="oc-cf">
         <name>.debug_info</name>
         <load_address>0x7b2b</load_address>
         <run_address>0x7b2b</run_address>
         <size>0x122</size>
         <input_file_ref idref="fl-c7"/>
      </object_component>
      <object_component id="oc-1a8">
         <name>.debug_info</name>
         <load_address>0x7c4d</load_address>
         <run_address>0x7c4d</run_address>
         <size>0x94</size>
      </object_component>
      <object_component id="oc-139">
         <name>.debug_line</name>
         <load_address>0x0</load_address>
         <run_address>0x0</run_address>
         <size>0x20</size>
         <input_file_ref idref="fl-2"/>
      </object_component>
      <object_component id="oc-115">
         <name>.debug_line</name>
         <load_address>0x20</load_address>
         <run_address>0x20</run_address>
         <size>0x35</size>
         <input_file_ref idref="fl-2"/>
      </object_component>
      <object_component id="oc-97">
         <name>.debug_line</name>
         <load_address>0x55</load_address>
         <run_address>0x55</run_address>
         <size>0x22a</size>
         <input_file_ref idref="fl-2"/>
      </object_component>
      <object_component id="oc-13d">
         <name>.debug_line</name>
         <load_address>0x27f</load_address>
         <run_address>0x27f</run_address>
         <size>0x58</size>
         <input_file_ref idref="fl-2"/>
      </object_component>
      <object_component id="oc-b1">
         <name>.debug_line</name>
         <load_address>0x2d7</load_address>
         <run_address>0x2d7</run_address>
         <size>0x6f</size>
         <input_file_ref idref="fl-2"/>
      </object_component>
      <object_component id="oc-142">
         <name>.debug_line</name>
         <load_address>0x346</load_address>
         <run_address>0x346</run_address>
         <size>0x5b</size>
         <input_file_ref idref="fl-2"/>
      </object_component>
      <object_component id="oc-35">
         <name>.debug_line</name>
         <load_address>0x3a1</load_address>
         <run_address>0x3a1</run_address>
         <size>0x20</size>
         <input_file_ref idref="fl-2"/>
      </object_component>
      <object_component id="oc-111">
         <name>.debug_line</name>
         <load_address>0x3c1</load_address>
         <run_address>0x3c1</run_address>
         <size>0x73</size>
         <input_file_ref idref="fl-2"/>
      </object_component>
      <object_component id="oc-ca">
         <name>.debug_line</name>
         <load_address>0x434</load_address>
         <run_address>0x434</run_address>
         <size>0x70</size>
         <input_file_ref idref="fl-2"/>
      </object_component>
      <object_component id="oc-ad">
         <name>.debug_line</name>
         <load_address>0x4a4</load_address>
         <run_address>0x4a4</run_address>
         <size>0x40</size>
         <input_file_ref idref="fl-3"/>
      </object_component>
      <object_component id="oc-6e">
         <name>.debug_line</name>
         <load_address>0x4e4</load_address>
         <run_address>0x4e4</run_address>
         <size>0x40</size>
         <input_file_ref idref="fl-3"/>
      </object_component>
      <object_component id="oc-6c">
         <name>.debug_line</name>
         <load_address>0x524</load_address>
         <run_address>0x524</run_address>
         <size>0x71</size>
         <input_file_ref idref="fl-3"/>
      </object_component>
      <object_component id="oc-137">
         <name>.debug_line</name>
         <load_address>0x595</load_address>
         <run_address>0x595</run_address>
         <size>0x3b</size>
         <input_file_ref idref="fl-4"/>
      </object_component>
      <object_component id="oc-a6">
         <name>.debug_line</name>
         <load_address>0x5d0</load_address>
         <run_address>0x5d0</run_address>
         <size>0x134</size>
         <input_file_ref idref="fl-4"/>
      </object_component>
      <object_component id="oc-7f">
         <name>.debug_line</name>
         <load_address>0x704</load_address>
         <run_address>0x704</run_address>
         <size>0x20</size>
         <input_file_ref idref="fl-bf"/>
      </object_component>
      <object_component id="oc-20">
         <name>.debug_line</name>
         <load_address>0x724</load_address>
         <run_address>0x724</run_address>
         <size>0x55</size>
         <input_file_ref idref="fl-bf"/>
      </object_component>
      <object_component id="oc-40">
         <name>.debug_line</name>
         <load_address>0x779</load_address>
         <run_address>0x779</run_address>
         <size>0x3a</size>
         <input_file_ref idref="fl-bf"/>
      </object_component>
      <object_component id="oc-7c">
         <name>.debug_line</name>
         <load_address>0x7b3</load_address>
         <run_address>0x7b3</run_address>
         <size>0x92</size>
         <input_file_ref idref="fl-bf"/>
      </object_component>
      <object_component id="oc-b9">
         <name>.debug_line</name>
         <load_address>0x845</load_address>
         <run_address>0x845</run_address>
         <size>0x20</size>
         <input_file_ref idref="fl-c0"/>
      </object_component>
      <object_component id="oc-1c">
         <name>.debug_line</name>
         <load_address>0x865</load_address>
         <run_address>0x865</run_address>
         <size>0xa9</size>
         <input_file_ref idref="fl-c0"/>
      </object_component>
      <object_component id="oc-30">
         <name>.debug_line</name>
         <load_address>0x90e</load_address>
         <run_address>0x90e</run_address>
         <size>0x3a</size>
         <input_file_ref idref="fl-c0"/>
      </object_component>
      <object_component id="oc-b6">
         <name>.debug_line</name>
         <load_address>0x948</load_address>
         <run_address>0x948</run_address>
         <size>0x9a</size>
         <input_file_ref idref="fl-c0"/>
      </object_component>
      <object_component id="oc-75">
         <name>.debug_line</name>
         <load_address>0x9e2</load_address>
         <run_address>0x9e2</run_address>
         <size>0x96</size>
         <input_file_ref idref="fl-c0"/>
      </object_component>
      <object_component id="oc-71">
         <name>.debug_line</name>
         <load_address>0xa78</load_address>
         <run_address>0xa78</run_address>
         <size>0x33</size>
         <input_file_ref idref="fl-c1"/>
      </object_component>
      <object_component id="oc-59">
         <name>.debug_line</name>
         <load_address>0xaab</load_address>
         <run_address>0xaab</run_address>
         <size>0x45</size>
         <input_file_ref idref="fl-c1"/>
      </object_component>
      <object_component id="oc-38">
         <name>.debug_line</name>
         <load_address>0xaf0</load_address>
         <run_address>0xaf0</run_address>
         <size>0x88</size>
         <input_file_ref idref="fl-c2"/>
      </object_component>
      <object_component id="oc-153">
         <name>.debug_line</name>
         <load_address>0xb78</load_address>
         <run_address>0xb78</run_address>
         <size>0xbf</size>
         <input_file_ref idref="fl-c4"/>
      </object_component>
      <object_component id="oc-dd">
         <name>.debug_line</name>
         <load_address>0xc37</load_address>
         <run_address>0xc37</run_address>
         <size>0x6f</size>
         <input_file_ref idref="fl-c4"/>
      </object_component>
      <object_component id="oc-157">
         <name>.debug_line</name>
         <load_address>0xca6</load_address>
         <run_address>0xca6</run_address>
         <size>0x2e</size>
         <input_file_ref idref="fl-c4"/>
      </object_component>
      <object_component id="oc-16b">
         <name>.debug_line</name>
         <load_address>0xcd4</load_address>
         <run_address>0xcd4</run_address>
         <size>0x9a</size>
         <input_file_ref idref="fl-c4"/>
      </object_component>
      <object_component id="oc-15c">
         <name>.debug_line</name>
         <load_address>0xd6e</load_address>
         <run_address>0xd6e</run_address>
         <size>0x97</size>
         <input_file_ref idref="fl-c4"/>
      </object_component>
      <object_component id="oc-161">
         <name>.debug_line</name>
         <load_address>0xe05</load_address>
         <run_address>0xe05</run_address>
         <size>0x93</size>
         <input_file_ref idref="fl-c4"/>
      </object_component>
      <object_component id="oc-8e">
         <name>.debug_line</name>
         <load_address>0xe98</load_address>
         <run_address>0xe98</run_address>
         <size>0x40</size>
         <input_file_ref idref="fl-c5"/>
      </object_component>
      <object_component id="oc-ce">
         <name>.debug_line</name>
         <load_address>0xed8</load_address>
         <run_address>0xed8</run_address>
         <size>0x3c</size>
         <input_file_ref idref="fl-c7"/>
      </object_component>
      <object_component id="oc-98">
         <name>.debug_frame</name>
         <load_address>0x0</load_address>
         <run_address>0x0</run_address>
         <size>0x154</size>
         <input_file_ref idref="fl-2"/>
      </object_component>
      <object_component id="oc-6b">
         <name>.debug_frame</name>
         <load_address>0x154</load_address>
         <run_address>0x154</run_address>
         <size>0x6c</size>
         <input_file_ref idref="fl-3"/>
      </object_component>
      <object_component id="oc-aa">
         <name>.debug_frame</name>
         <load_address>0x1c0</load_address>
         <run_address>0x1c0</run_address>
         <size>0x70</size>
         <input_file_ref idref="fl-4"/>
      </object_component>
      <object_component id="oc-1e">
         <name>.debug_frame</name>
         <load_address>0x230</load_address>
         <run_address>0x230</run_address>
         <size>0x54</size>
         <input_file_ref idref="fl-bf"/>
      </object_component>
      <object_component id="oc-1b">
         <name>.debug_frame</name>
         <load_address>0x284</load_address>
         <run_address>0x284</run_address>
         <size>0x60</size>
         <input_file_ref idref="fl-c0"/>
      </object_component>
      <object_component id="oc-5a">
         <name>.debug_frame</name>
         <load_address>0x2e4</load_address>
         <run_address>0x2e4</run_address>
         <size>0x50</size>
         <input_file_ref idref="fl-c1"/>
      </object_component>
      <object_component id="oc-dc">
         <name>.debug_frame</name>
         <load_address>0x334</load_address>
         <run_address>0x334</run_address>
         <size>0x5c</size>
         <input_file_ref idref="fl-c4"/>
      </object_component>
      <object_component id="oc-92">
         <name>.debug_frame</name>
         <load_address>0x390</load_address>
         <run_address>0x390</run_address>
         <size>0x54</size>
         <input_file_ref idref="fl-c5"/>
      </object_component>
      <object_component id="oc-cd">
         <name>.debug_frame</name>
         <load_address>0x3e4</load_address>
         <run_address>0x3e4</run_address>
         <size>0x54</size>
         <input_file_ref idref="fl-c7"/>
      </object_component>
      <object_component id="oc-138">
         <name>.debug_abbrev</name>
         <load_address>0x0</load_address>
         <run_address>0x0</run_address>
         <size>0x71</size>
         <input_file_ref idref="fl-2"/>
      </object_component>
      <object_component id="oc-114">
         <name>.debug_abbrev</name>
         <load_address>0x71</load_address>
         <run_address>0x71</run_address>
         <size>0x29</size>
         <input_file_ref idref="fl-2"/>
      </object_component>
      <object_component id="oc-c6">
         <name>.debug_abbrev</name>
         <load_address>0x9a</load_address>
         <run_address>0x9a</run_address>
         <size>0xa9</size>
         <input_file_ref idref="fl-2"/>
      </object_component>
      <object_component id="oc-13c">
         <name>.debug_abbrev</name>
         <load_address>0x143</load_address>
         <run_address>0x143</run_address>
         <size>0xbd</size>
         <input_file_ref idref="fl-2"/>
      </object_component>
      <object_component id="oc-b0">
         <name>.debug_abbrev</name>
         <load_address>0x200</load_address>
         <run_address>0x200</run_address>
         <size>0x69</size>
         <input_file_ref idref="fl-2"/>
      </object_component>
      <object_component id="oc-141">
         <name>.debug_abbrev</name>
         <load_address>0x269</load_address>
         <run_address>0x269</run_address>
         <size>0x97</size>
         <input_file_ref idref="fl-2"/>
      </object_component>
      <object_component id="oc-34">
         <name>.debug_abbrev</name>
         <load_address>0x300</load_address>
         <run_address>0x300</run_address>
         <size>0x1f</size>
         <input_file_ref idref="fl-2"/>
      </object_component>
      <object_component id="oc-110">
         <name>.debug_abbrev</name>
         <load_address>0x31f</load_address>
         <run_address>0x31f</run_address>
         <size>0x5c</size>
         <input_file_ref idref="fl-2"/>
      </object_component>
      <object_component id="oc-c9">
         <name>.debug_abbrev</name>
         <load_address>0x37b</load_address>
         <run_address>0x37b</run_address>
         <size>0x24</size>
         <input_file_ref idref="fl-2"/>
      </object_component>
      <object_component id="oc-ac">
         <name>.debug_abbrev</name>
         <load_address>0x39f</load_address>
         <run_address>0x39f</run_address>
         <size>0x7c</size>
         <input_file_ref idref="fl-3"/>
      </object_component>
      <object_component id="oc-6d">
         <name>.debug_abbrev</name>
         <load_address>0x41b</load_address>
         <run_address>0x41b</run_address>
         <size>0x29</size>
         <input_file_ref idref="fl-3"/>
      </object_component>
      <object_component id="oc-ab">
         <name>.debug_abbrev</name>
         <load_address>0x444</load_address>
         <run_address>0x444</run_address>
         <size>0x89</size>
         <input_file_ref idref="fl-3"/>
      </object_component>
      <object_component id="oc-136">
         <name>.debug_abbrev</name>
         <load_address>0x4cd</load_address>
         <run_address>0x4cd</run_address>
         <size>0x29</size>
         <input_file_ref idref="fl-4"/>
      </object_component>
      <object_component id="oc-10d">
         <name>.debug_abbrev</name>
         <load_address>0x4f6</load_address>
         <run_address>0x4f6</run_address>
         <size>0x8b</size>
         <input_file_ref idref="fl-4"/>
      </object_component>
      <object_component id="oc-7e">
         <name>.debug_abbrev</name>
         <load_address>0x581</load_address>
         <run_address>0x581</run_address>
         <size>0x37</size>
         <input_file_ref idref="fl-bf"/>
      </object_component>
      <object_component id="oc-3c">
         <name>.debug_abbrev</name>
         <load_address>0x5b8</load_address>
         <run_address>0x5b8</run_address>
         <size>0x74</size>
         <input_file_ref idref="fl-bf"/>
      </object_component>
      <object_component id="oc-3f">
         <name>.debug_abbrev</name>
         <load_address>0x62c</load_address>
         <run_address>0x62c</run_address>
         <size>0x24</size>
         <input_file_ref idref="fl-bf"/>
      </object_component>
      <object_component id="oc-7b">
         <name>.debug_abbrev</name>
         <load_address>0x650</load_address>
         <run_address>0x650</run_address>
         <size>0x24</size>
         <input_file_ref idref="fl-bf"/>
      </object_component>
      <object_component id="oc-b8">
         <name>.debug_abbrev</name>
         <load_address>0x674</load_address>
         <run_address>0x674</run_address>
         <size>0x37</size>
         <input_file_ref idref="fl-c0"/>
      </object_component>
      <object_component id="oc-2c">
         <name>.debug_abbrev</name>
         <load_address>0x6ab</load_address>
         <run_address>0x6ab</run_address>
         <size>0x6f</size>
         <input_file_ref idref="fl-c0"/>
      </object_component>
      <object_component id="oc-2f">
         <name>.debug_abbrev</name>
         <load_address>0x71a</load_address>
         <run_address>0x71a</run_address>
         <size>0x24</size>
         <input_file_ref idref="fl-c0"/>
      </object_component>
      <object_component id="oc-b5">
         <name>.debug_abbrev</name>
         <load_address>0x73e</load_address>
         <run_address>0x73e</run_address>
         <size>0x35</size>
         <input_file_ref idref="fl-c0"/>
      </object_component>
      <object_component id="oc-74">
         <name>.debug_abbrev</name>
         <load_address>0x773</load_address>
         <run_address>0x773</run_address>
         <size>0x24</size>
         <input_file_ref idref="fl-c0"/>
      </object_component>
      <object_component id="oc-70">
         <name>.debug_abbrev</name>
         <load_address>0x797</load_address>
         <run_address>0x797</run_address>
         <size>0x29</size>
         <input_file_ref idref="fl-c1"/>
      </object_component>
      <object_component id="oc-9c">
         <name>.debug_abbrev</name>
         <load_address>0x7c0</load_address>
         <run_address>0x7c0</run_address>
         <size>0x55</size>
         <input_file_ref idref="fl-c1"/>
      </object_component>
      <object_component id="oc-78">
         <name>.debug_abbrev</name>
         <load_address>0x815</load_address>
         <run_address>0x815</run_address>
         <size>0x3e</size>
         <input_file_ref idref="fl-c2"/>
      </object_component>
      <object_component id="oc-152">
         <name>.debug_abbrev</name>
         <load_address>0x853</load_address>
         <run_address>0x853</run_address>
         <size>0xc0</size>
         <input_file_ref idref="fl-c4"/>
      </object_component>
      <object_component id="oc-120">
         <name>.debug_abbrev</name>
         <load_address>0x913</load_address>
         <run_address>0x913</run_address>
         <size>0x7e</size>
         <input_file_ref idref="fl-c4"/>
      </object_component>
      <object_component id="oc-156">
         <name>.debug_abbrev</name>
         <load_address>0x991</load_address>
         <run_address>0x991</run_address>
         <size>0x24</size>
         <input_file_ref idref="fl-c4"/>
      </object_component>
      <object_component id="oc-16a">
         <name>.debug_abbrev</name>
         <load_address>0x9b5</load_address>
         <run_address>0x9b5</run_address>
         <size>0x24</size>
         <input_file_ref idref="fl-c4"/>
      </object_component>
      <object_component id="oc-15b">
         <name>.debug_abbrev</name>
         <load_address>0x9d9</load_address>
         <run_address>0x9d9</run_address>
         <size>0x24</size>
         <input_file_ref idref="fl-c4"/>
      </object_component>
      <object_component id="oc-160">
         <name>.debug_abbrev</name>
         <load_address>0x9fd</load_address>
         <run_address>0x9fd</run_address>
         <size>0x4b</size>
         <input_file_ref idref="fl-c4"/>
      </object_component>
      <object_component id="oc-c2">
         <name>.debug_abbrev</name>
         <load_address>0xa48</load_address>
         <run_address>0xa48</run_address>
         <size>0x55</size>
         <input_file_ref idref="fl-c5"/>
      </object_component>
      <object_component id="oc-116">
         <name>.debug_abbrev</name>
         <load_address>0xa9d</load_address>
         <run_address>0xa9d</run_address>
         <size>0x45</size>
         <input_file_ref idref="fl-c7"/>
      </object_component>
      <object_component id="oc-1a9">
         <name>.debug_abbrev</name>
         <load_address>0xae2</load_address>
         <run_address>0xae2</run_address>
         <size>0xf</size>
      </object_component>
      <object_component id="oc-13e">
         <name>.debug_str</name>
         <load_address>0x0</load_address>
         <run_address>0x0</run_address>
         <size>0x15be</size>
         <input_file_ref idref="fl-2"/>
      </object_component>
      <object_component id="oc-b2">
         <name>.debug_str</name>
         <load_address>0x15be</load_address>
         <run_address>0x15be</run_address>
         <size>0x2a5</size>
         <input_file_ref idref="fl-2"/>
      </object_component>
      <object_component id="oc-143">
         <name>.debug_str</name>
         <load_address>0x1863</load_address>
         <run_address>0x1863</run_address>
         <size>0x47a</size>
         <input_file_ref idref="fl-2"/>
      </object_component>
      <object_component id="oc-36">
         <name>.debug_str</name>
         <load_address>0x1cdd</load_address>
         <run_address>0x1cdd</run_address>
         <size>0xfd</size>
         <input_file_ref idref="fl-2"/>
      </object_component>
      <object_component id="oc-112">
         <name>.debug_str</name>
         <load_address>0x1dda</load_address>
         <run_address>0x1dda</run_address>
         <size>0x33b</size>
         <input_file_ref idref="fl-2"/>
      </object_component>
      <object_component id="oc-cb">
         <name>.debug_str</name>
         <load_address>0x2115</load_address>
         <run_address>0x2115</run_address>
         <size>0x13d</size>
         <input_file_ref idref="fl-2"/>
      </object_component>
      <object_component id="oc-41">
         <name>.debug_str</name>
         <load_address>0x2252</load_address>
         <run_address>0x2252</run_address>
         <size>0x10b</size>
         <input_file_ref idref="fl-bf"/>
      </object_component>
      <object_component id="oc-7d">
         <name>.debug_str</name>
         <load_address>0x235d</load_address>
         <run_address>0x235d</run_address>
         <size>0x140</size>
         <input_file_ref idref="fl-bf"/>
      </object_component>
      <object_component id="oc-31">
         <name>.debug_str</name>
         <load_address>0x249d</load_address>
         <run_address>0x249d</run_address>
         <size>0x118</size>
         <input_file_ref idref="fl-c0"/>
      </object_component>
      <object_component id="oc-b7">
         <name>.debug_str</name>
         <load_address>0x25b5</load_address>
         <run_address>0x25b5</run_address>
         <size>0x16b</size>
         <input_file_ref idref="fl-c0"/>
      </object_component>
      <object_component id="oc-76">
         <name>.debug_str</name>
         <load_address>0x2720</load_address>
         <run_address>0x2720</run_address>
         <size>0x158</size>
         <input_file_ref idref="fl-c0"/>
      </object_component>
      <object_component id="oc-158">
         <name>.debug_str</name>
         <load_address>0x2878</load_address>
         <run_address>0x2878</run_address>
         <size>0xed</size>
         <input_file_ref idref="fl-c4"/>
      </object_component>
      <object_component id="oc-16c">
         <name>.debug_str</name>
         <load_address>0x2965</load_address>
         <run_address>0x2965</run_address>
         <size>0x157</size>
         <input_file_ref idref="fl-c4"/>
      </object_component>
      <object_component id="oc-15d">
         <name>.debug_str</name>
         <load_address>0x2abc</load_address>
         <run_address>0x2abc</run_address>
         <size>0x150</size>
         <input_file_ref idref="fl-c4"/>
      </object_component>
      <object_component id="oc-162">
         <name>.debug_str</name>
         <load_address>0x2c0c</load_address>
         <run_address>0x2c0c</run_address>
         <size>0x197</size>
         <input_file_ref idref="fl-c4"/>
      </object_component>
      <object_component id="oc-95">
         <name>.debug_aranges</name>
         <load_address>0x0</load_address>
         <run_address>0x0</run_address>
         <size>0x80</size>
         <input_file_ref idref="fl-2"/>
      </object_component>
      <object_component id="oc-68">
         <name>.debug_aranges</name>
         <load_address>0x80</load_address>
         <run_address>0x80</run_address>
         <size>0x28</size>
         <input_file_ref idref="fl-3"/>
      </object_component>
      <object_component id="oc-a8">
         <name>.debug_aranges</name>
         <load_address>0xa8</load_address>
         <run_address>0xa8</run_address>
         <size>0x28</size>
         <input_file_ref idref="fl-4"/>
      </object_component>
      <object_component id="oc-1f">
         <name>.debug_aranges</name>
         <load_address>0xd0</load_address>
         <run_address>0xd0</run_address>
         <size>0x20</size>
         <input_file_ref idref="fl-bf"/>
      </object_component>
      <object_component id="oc-19">
         <name>.debug_aranges</name>
         <load_address>0xf0</load_address>
         <run_address>0xf0</run_address>
         <size>0x20</size>
         <input_file_ref idref="fl-c0"/>
      </object_component>
      <object_component id="oc-56">
         <name>.debug_aranges</name>
         <load_address>0x110</load_address>
         <run_address>0x110</run_address>
         <size>0x20</size>
         <input_file_ref idref="fl-c1"/>
      </object_component>
      <object_component id="oc-39">
         <name>.debug_aranges</name>
         <load_address>0x130</load_address>
         <run_address>0x130</run_address>
         <size>0x20</size>
         <input_file_ref idref="fl-c2"/>
      </object_component>
      <object_component id="oc-da">
         <name>.debug_aranges</name>
         <load_address>0x150</load_address>
         <run_address>0x150</run_address>
         <size>0x20</size>
         <input_file_ref idref="fl-c4"/>
      </object_component>
      <object_component id="oc-91">
         <name>.debug_aranges</name>
         <load_address>0x170</load_address>
         <run_address>0x170</run_address>
         <size>0x20</size>
         <input_file_ref idref="fl-c5"/>
      </object_component>
      <object_component id="oc-d0">
         <name>.debug_aranges</name>
         <load_address>0x190</load_address>
         <run_address>0x190</run_address>
         <size>0x20</size>
         <input_file_ref idref="fl-c7"/>
      </object_component>
      <object_component id="oc-c5">
         <name>.debug_pubnames</name>
         <load_address>0x0</load_address>
         <run_address>0x0</run_address>
         <size>0x67</size>
         <input_file_ref idref="fl-2"/>
      </object_component>
      <object_component id="oc-96">
         <name>.debug_pubnames</name>
         <load_address>0x67</load_address>
         <run_address>0x67</run_address>
         <size>0xee</size>
         <input_file_ref idref="fl-2"/>
      </object_component>
      <object_component id="oc-28">
         <name>.debug_pubnames</name>
         <load_address>0x155</load_address>
         <run_address>0x155</run_address>
         <size>0x27</size>
         <input_file_ref idref="fl-3"/>
      </object_component>
      <object_component id="oc-6a">
         <name>.debug_pubnames</name>
         <load_address>0x17c</load_address>
         <run_address>0x17c</run_address>
         <size>0x38</size>
         <input_file_ref idref="fl-3"/>
      </object_component>
      <object_component id="oc-10c">
         <name>.debug_pubnames</name>
         <load_address>0x1b4</load_address>
         <run_address>0x1b4</run_address>
         <size>0x26</size>
         <input_file_ref idref="fl-4"/>
      </object_component>
      <object_component id="oc-a9">
         <name>.debug_pubnames</name>
         <load_address>0x1da</load_address>
         <run_address>0x1da</run_address>
         <size>0x3b</size>
         <input_file_ref idref="fl-4"/>
      </object_component>
      <object_component id="oc-22">
         <name>.debug_pubnames</name>
         <load_address>0x215</load_address>
         <run_address>0x215</run_address>
         <size>0x2b</size>
         <input_file_ref idref="fl-bf"/>
      </object_component>
      <object_component id="oc-1a">
         <name>.debug_pubnames</name>
         <load_address>0x240</load_address>
         <run_address>0x240</run_address>
         <size>0x2b</size>
         <input_file_ref idref="fl-c0"/>
      </object_component>
      <object_component id="oc-2b">
         <name>.debug_pubnames</name>
         <load_address>0x26b</load_address>
         <run_address>0x26b</run_address>
         <size>0x1e</size>
         <input_file_ref idref="fl-c1"/>
      </object_component>
      <object_component id="oc-58">
         <name>.debug_pubnames</name>
         <load_address>0x289</load_address>
         <run_address>0x289</run_address>
         <size>0x26</size>
         <input_file_ref idref="fl-c1"/>
      </object_component>
      <object_component id="oc-3b">
         <name>.debug_pubnames</name>
         <load_address>0x2af</load_address>
         <run_address>0x2af</run_address>
         <size>0x1d</size>
         <input_file_ref idref="fl-c2"/>
      </object_component>
      <object_component id="oc-db">
         <name>.debug_pubnames</name>
         <load_address>0x2cc</load_address>
         <run_address>0x2cc</run_address>
         <size>0x35</size>
         <input_file_ref idref="fl-c4"/>
      </object_component>
      <object_component id="oc-90">
         <name>.debug_pubnames</name>
         <load_address>0x301</load_address>
         <run_address>0x301</run_address>
         <size>0x27</size>
         <input_file_ref idref="fl-c5"/>
      </object_component>
      <object_component id="oc-d1">
         <name>.debug_pubnames</name>
         <load_address>0x328</load_address>
         <run_address>0x328</run_address>
         <size>0x1c</size>
         <input_file_ref idref="fl-c7"/>
      </object_component>
      <object_component id="oc-13b">
         <name>.debug_pubtypes</name>
         <load_address>0x0</load_address>
         <run_address>0x0</run_address>
         <size>0x2ce</size>
         <input_file_ref idref="fl-2"/>
      </object_component>
      <object_component id="oc-af">
         <name>.debug_pubtypes</name>
         <load_address>0x2ce</load_address>
         <run_address>0x2ce</run_address>
         <size>0x25c</size>
         <input_file_ref idref="fl-2"/>
      </object_component>
      <object_component id="oc-140">
         <name>.debug_pubtypes</name>
         <load_address>0x52a</load_address>
         <run_address>0x52a</run_address>
         <size>0xdd</size>
         <input_file_ref idref="fl-2"/>
      </object_component>
      <object_component id="oc-33">
         <name>.debug_pubtypes</name>
         <load_address>0x607</load_address>
         <run_address>0x607</run_address>
         <size>0xed</size>
         <input_file_ref idref="fl-2"/>
      </object_component>
      <object_component id="oc-10f">
         <name>.debug_pubtypes</name>
         <load_address>0x6f4</load_address>
         <run_address>0x6f4</run_address>
         <size>0x330</size>
         <input_file_ref idref="fl-2"/>
      </object_component>
      <object_component id="oc-c8">
         <name>.debug_pubtypes</name>
         <load_address>0xa24</load_address>
         <run_address>0xa24</run_address>
         <size>0xaa</size>
         <input_file_ref idref="fl-2"/>
      </object_component>
      <object_component id="oc-3e">
         <name>.debug_pubtypes</name>
         <load_address>0xace</load_address>
         <run_address>0xace</run_address>
         <size>0x48</size>
         <input_file_ref idref="fl-bf"/>
      </object_component>
      <object_component id="oc-7a">
         <name>.debug_pubtypes</name>
         <load_address>0xb16</load_address>
         <run_address>0xb16</run_address>
         <size>0x1d</size>
         <input_file_ref idref="fl-bf"/>
      </object_component>
      <object_component id="oc-2e">
         <name>.debug_pubtypes</name>
         <load_address>0xb33</load_address>
         <run_address>0xb33</run_address>
         <size>0x5d</size>
         <input_file_ref idref="fl-c0"/>
      </object_component>
      <object_component id="oc-b4">
         <name>.debug_pubtypes</name>
         <load_address>0xb90</load_address>
         <run_address>0xb90</run_address>
         <size>0x48</size>
         <input_file_ref idref="fl-c0"/>
      </object_component>
      <object_component id="oc-73">
         <name>.debug_pubtypes</name>
         <load_address>0xbd8</load_address>
         <run_address>0xbd8</run_address>
         <size>0x35</size>
         <input_file_ref idref="fl-c0"/>
      </object_component>
      <object_component id="oc-155">
         <name>.debug_pubtypes</name>
         <load_address>0xc0d</load_address>
         <run_address>0xc0d</run_address>
         <size>0x32</size>
         <input_file_ref idref="fl-c4"/>
      </object_component>
      <object_component id="oc-169">
         <name>.debug_pubtypes</name>
         <load_address>0xc3f</load_address>
         <run_address>0xc3f</run_address>
         <size>0x30</size>
         <input_file_ref idref="fl-c4"/>
      </object_component>
      <object_component id="oc-15a">
         <name>.debug_pubtypes</name>
         <load_address>0xc6f</load_address>
         <run_address>0xc6f</run_address>
         <size>0x2c</size>
         <input_file_ref idref="fl-c4"/>
      </object_component>
      <object_component id="oc-15f">
         <name>.debug_pubtypes</name>
         <load_address>0xc9b</load_address>
         <run_address>0xc9b</run_address>
         <size>0x50</size>
         <input_file_ref idref="fl-c4"/>
      </object_component>
   </object_component_list>
   <logical_group_list>
      <logical_group id="lg-3" display="no" color="cyan">
         <name>.intvecs</name>
         <load_address>0x0</load_address>
         <run_address>0x0</run_address>
         <size>0xe4</size>
         <contents>
            <object_component_ref idref="oc-26"/>
         </contents>
      </logical_group>
      <logical_group id="lg-4" display="no" color="cyan">
         <name>.text</name>
         <load_address>0xe4</load_address>
         <run_address>0xe4</run_address>
         <size>0x7b4</size>
         <contents>
            <object_component_ref idref="oc-a5"/>
            <object_component_ref idref="oc-93"/>
            <object_component_ref idref="oc-37"/>
            <object_component_ref idref="oc-17"/>
            <object_component_ref idref="oc-d8"/>
            <object_component_ref idref="oc-55"/>
            <object_component_ref idref="oc-1d"/>
            <object_component_ref idref="oc-67"/>
            <object_component_ref idref="oc-8d"/>
            <object_component_ref idref="oc-cc"/>
         </contents>
      </logical_group>
      <logical_group id="lg-5" display="no" color="cyan">
         <name>.const</name>
         <run_address>0x0</run_address>
         <size>0x0</size>
         <contents>
         </contents>
      </logical_group>
      <logical_group id="lg-6" display="no" color="cyan">
         <name>.cinit</name>
         <load_address>0x898</load_address>
         <run_address>0x898</run_address>
         <size>0x20</size>
         <contents>
            <object_component_ref idref="oc-1a5"/>
            <object_component_ref idref="oc-1a3"/>
            <object_component_ref idref="oc-1a4"/>
         </contents>
      </logical_group>
      <logical_group id="lg-7" display="no" color="cyan">
         <name>.pinit</name>
         <run_address>0x0</run_address>
         <size>0x0</size>
         <contents>
         </contents>
      </logical_group>
      <logical_group id="lg-8" display="no" color="cyan">
         <name>.init_array</name>
         <run_address>0x0</run_address>
         <size>0x0</size>
         <contents>
         </contents>
      </logical_group>
      <logical_group id="lg-9" display="no" color="cyan">
         <name>.binit</name>
         <load_address>0x0</load_address>
         <run_address>0x0</run_address>
         <size>0x0</size>
         <contents>
            <object_component_ref idref="oc-177"/>
         </contents>
      </logical_group>
      <logical_group id="lg-a" display="no" color="cyan">
         <name>.flashMailbox</name>
         <run_address>0x0</run_address>
         <size>0x0</size>
         <contents>
         </contents>
      </logical_group>
      <logical_group id="lg-b" display="no" color="cyan">
         <name>.tlvTable</name>
         <run_address>0x0</run_address>
         <size>0x0</size>
         <contents>
         </contents>
      </logical_group>
      <logical_group id="lg-c" display="no" color="cyan">
         <name>.bslArea</name>
         <run_address>0x0</run_address>
         <size>0x0</size>
         <contents>
         </contents>
      </logical_group>
      <logical_group id="lg-d" display="no" color="cyan">
         <name>.vtable</name>
         <run_address>0x0</run_address>
         <size>0x0</size>
         <contents>
         </contents>
      </logical_group>
      <logical_group id="lg-e" display="no" color="cyan">
         <name>.data</name>
         <run_address>0x20000000</run_address>
         <size>0x1c</size>
         <contents>
            <object_component_ref idref="oc-c3"/>
            <object_component_ref idref="oc-10a"/>
         </contents>
      </logical_group>
      <logical_group id="lg-f" display="no" color="cyan">
         <name>.bss</name>
         <run_address>0x0</run_address>
         <size>0x0</size>
         <contents>
         </contents>
      </logical_group>
      <logical_group id="lg-10" display="no" color="cyan">
         <name>.sysmem</name>
         <run_address>0x0</run_address>
         <size>0x0</size>
         <contents>
         </contents>
      </logical_group>
      <logical_group id="lg-11" display="no" color="cyan">
         <name>.stack</name>
         <run_address>0x2000fe00</run_address>
         <size>0x200</size>
         <contents>
            <object_component_ref idref="oc-29"/>
            <object_component_ref idref="oc-1a7"/>
         </contents>
      </logical_group>
      <logical_group id="lg-12" display="no" color="cyan">
         <name>.TI.ramfunc</name>
         <run_address>0x0</run_address>
         <size>0x0</size>
         <contents>
         </contents>
      </logical_group>
      <logical_group id="lg-174" display="no" color="cyan">
         <name>.TI.noinit</name>
         <run_address>0x0</run_address>
         <size>0x0</size>
         <contents>
         </contents>
      </logical_group>
      <logical_group id="lg-175" display="no" color="cyan">
         <name>.TI.persistent</name>
         <run_address>0x0</run_address>
         <size>0x0</size>
         <contents>
         </contents>
      </logical_group>
      <logical_group id="lg-176" display="no" color="cyan">
         <name>__llvm_prf_cnts</name>
         <run_address>0x20000000</run_address>
         <size>0x0</size>
         <contents>
         </contents>
      </logical_group>
      <logical_group id="lg-18b" display="never" color="cyan">
         <name>.debug_info</name>
         <load_address>0x0</load_address>
         <run_address>0x0</run_address>
         <size>0x7ce1</size>
         <contents>
            <object_component_ref idref="oc-113"/>
            <object_component_ref idref="oc-c4"/>
            <object_component_ref idref="oc-94"/>
            <object_component_ref idref="oc-13a"/>
            <object_component_ref idref="oc-ae"/>
            <object_component_ref idref="oc-13f"/>
            <object_component_ref idref="oc-32"/>
            <object_component_ref idref="oc-10e"/>
            <object_component_ref idref="oc-c7"/>
            <object_component_ref idref="oc-6f"/>
            <object_component_ref idref="oc-27"/>
            <object_component_ref idref="oc-69"/>
            <object_component_ref idref="oc-10b"/>
            <object_component_ref idref="oc-a7"/>
            <object_component_ref idref="oc-42"/>
            <object_component_ref idref="oc-21"/>
            <object_component_ref idref="oc-3d"/>
            <object_component_ref idref="oc-79"/>
            <object_component_ref idref="oc-77"/>
            <object_component_ref idref="oc-18"/>
            <object_component_ref idref="oc-2d"/>
            <object_component_ref idref="oc-b3"/>
            <object_component_ref idref="oc-72"/>
            <object_component_ref idref="oc-2a"/>
            <object_component_ref idref="oc-57"/>
            <object_component_ref idref="oc-3a"/>
            <object_component_ref idref="oc-121"/>
            <object_component_ref idref="oc-d9"/>
            <object_component_ref idref="oc-154"/>
            <object_component_ref idref="oc-168"/>
            <object_component_ref idref="oc-159"/>
            <object_component_ref idref="oc-15e"/>
            <object_component_ref idref="oc-8f"/>
            <object_component_ref idref="oc-cf"/>
            <object_component_ref idref="oc-1a8"/>
         </contents>
      </logical_group>
      <logical_group id="lg-18d" display="never" color="cyan">
         <name>.debug_line</name>
         <load_address>0x0</load_address>
         <run_address>0x0</run_address>
         <size>0xf14</size>
         <contents>
            <object_component_ref idref="oc-139"/>
            <object_component_ref idref="oc-115"/>
            <object_component_ref idref="oc-97"/>
            <object_component_ref idref="oc-13d"/>
            <object_component_ref idref="oc-b1"/>
            <object_component_ref idref="oc-142"/>
            <object_component_ref idref="oc-35"/>
            <object_component_ref idref="oc-111"/>
            <object_component_ref idref="oc-ca"/>
            <object_component_ref idref="oc-ad"/>
            <object_component_ref idref="oc-6e"/>
            <object_component_ref idref="oc-6c"/>
            <object_component_ref idref="oc-137"/>
            <object_component_ref idref="oc-a6"/>
            <object_component_ref idref="oc-7f"/>
            <object_component_ref idref="oc-20"/>
            <object_component_ref idref="oc-40"/>
            <object_component_ref idref="oc-7c"/>
            <object_component_ref idref="oc-b9"/>
            <object_component_ref idref="oc-1c"/>
            <object_component_ref idref="oc-30"/>
            <object_component_ref idref="oc-b6"/>
            <object_component_ref idref="oc-75"/>
            <object_component_ref idref="oc-71"/>
            <object_component_ref idref="oc-59"/>
            <object_component_ref idref="oc-38"/>
            <object_component_ref idref="oc-153"/>
            <object_component_ref idref="oc-dd"/>
            <object_component_ref idref="oc-157"/>
            <object_component_ref idref="oc-16b"/>
            <object_component_ref idref="oc-15c"/>
            <object_component_ref idref="oc-161"/>
            <object_component_ref idref="oc-8e"/>
            <object_component_ref idref="oc-ce"/>
         </contents>
      </logical_group>
      <logical_group id="lg-18f" display="never" color="cyan">
         <name>.debug_frame</name>
         <load_address>0x0</load_address>
         <run_address>0x0</run_address>
         <size>0x438</size>
         <contents>
            <object_component_ref idref="oc-98"/>
            <object_component_ref idref="oc-6b"/>
            <object_component_ref idref="oc-aa"/>
            <object_component_ref idref="oc-1e"/>
            <object_component_ref idref="oc-1b"/>
            <object_component_ref idref="oc-5a"/>
            <object_component_ref idref="oc-dc"/>
            <object_component_ref idref="oc-92"/>
            <object_component_ref idref="oc-cd"/>
         </contents>
      </logical_group>
      <logical_group id="lg-191" display="never" color="cyan">
         <name>.debug_abbrev</name>
         <load_address>0x0</load_address>
         <run_address>0x0</run_address>
         <size>0xaf1</size>
         <contents>
            <object_component_ref idref="oc-138"/>
            <object_component_ref idref="oc-114"/>
            <object_component_ref idref="oc-c6"/>
            <object_component_ref idref="oc-13c"/>
            <object_component_ref idref="oc-b0"/>
            <object_component_ref idref="oc-141"/>
            <object_component_ref idref="oc-34"/>
            <object_component_ref idref="oc-110"/>
            <object_component_ref idref="oc-c9"/>
            <object_component_ref idref="oc-ac"/>
            <object_component_ref idref="oc-6d"/>
            <object_component_ref idref="oc-ab"/>
            <object_component_ref idref="oc-136"/>
            <object_component_ref idref="oc-10d"/>
            <object_component_ref idref="oc-7e"/>
            <object_component_ref idref="oc-3c"/>
            <object_component_ref idref="oc-3f"/>
            <object_component_ref idref="oc-7b"/>
            <object_component_ref idref="oc-b8"/>
            <object_component_ref idref="oc-2c"/>
            <object_component_ref idref="oc-2f"/>
            <object_component_ref idref="oc-b5"/>
            <object_component_ref idref="oc-74"/>
            <object_component_ref idref="oc-70"/>
            <object_component_ref idref="oc-9c"/>
            <object_component_ref idref="oc-78"/>
            <object_component_ref idref="oc-152"/>
            <object_component_ref idref="oc-120"/>
            <object_component_ref idref="oc-156"/>
            <object_component_ref idref="oc-16a"/>
            <object_component_ref idref="oc-15b"/>
            <object_component_ref idref="oc-160"/>
            <object_component_ref idref="oc-c2"/>
            <object_component_ref idref="oc-116"/>
            <object_component_ref idref="oc-1a9"/>
         </contents>
      </logical_group>
      <logical_group id="lg-193" display="never" color="cyan">
         <name>.debug_str</name>
         <load_address>0x0</load_address>
         <run_address>0x0</run_address>
         <size>0x2da3</size>
         <contents>
            <object_component_ref idref="oc-13e"/>
            <object_component_ref idref="oc-b2"/>
            <object_component_ref idref="oc-143"/>
            <object_component_ref idref="oc-36"/>
            <object_component_ref idref="oc-112"/>
            <object_component_ref idref="oc-cb"/>
            <object_component_ref idref="oc-41"/>
            <object_component_ref idref="oc-7d"/>
            <object_component_ref idref="oc-31"/>
            <object_component_ref idref="oc-b7"/>
            <object_component_ref idref="oc-76"/>
            <object_component_ref idref="oc-158"/>
            <object_component_ref idref="oc-16c"/>
            <object_component_ref idref="oc-15d"/>
            <object_component_ref idref="oc-162"/>
         </contents>
      </logical_group>
      <logical_group id="lg-195" display="never" color="cyan">
         <name>.debug_aranges</name>
         <load_address>0x0</load_address>
         <run_address>0x0</run_address>
         <size>0x1b0</size>
         <contents>
            <object_component_ref idref="oc-95"/>
            <object_component_ref idref="oc-68"/>
            <object_component_ref idref="oc-a8"/>
            <object_component_ref idref="oc-1f"/>
            <object_component_ref idref="oc-19"/>
            <object_component_ref idref="oc-56"/>
            <object_component_ref idref="oc-39"/>
            <object_component_ref idref="oc-da"/>
            <object_component_ref idref="oc-91"/>
            <object_component_ref idref="oc-d0"/>
         </contents>
      </logical_group>
      <logical_group id="lg-197" display="never" color="cyan">
         <name>.debug_pubnames</name>
         <load_address>0x0</load_address>
         <run_address>0x0</run_address>
         <size>0x344</size>
         <contents>
            <object_component_ref idref="oc-c5"/>
            <object_component_ref idref="oc-96"/>
            <object_component_ref idref="oc-28"/>
            <object_component_ref idref="oc-6a"/>
            <object_component_ref idref="oc-10c"/>
            <object_component_ref idref="oc-a9"/>
            <object_component_ref idref="oc-22"/>
            <object_component_ref idref="oc-1a"/>
            <object_component_ref idref="oc-2b"/>
            <object_component_ref idref="oc-58"/>
            <object_component_ref idref="oc-3b"/>
            <object_component_ref idref="oc-db"/>
            <object_component_ref idref="oc-90"/>
            <object_component_ref idref="oc-d1"/>
         </contents>
      </logical_group>
      <logical_group id="lg-199" display="never" color="cyan">
         <name>.debug_pubtypes</name>
         <load_address>0x0</load_address>
         <run_address>0x0</run_address>
         <size>0xceb</size>
         <contents>
            <object_component_ref idref="oc-13b"/>
            <object_component_ref idref="oc-af"/>
            <object_component_ref idref="oc-140"/>
            <object_component_ref idref="oc-33"/>
            <object_component_ref idref="oc-10f"/>
            <object_component_ref idref="oc-c8"/>
            <object_component_ref idref="oc-3e"/>
            <object_component_ref idref="oc-7a"/>
            <object_component_ref idref="oc-2e"/>
            <object_component_ref idref="oc-b4"/>
            <object_component_ref idref="oc-73"/>
            <object_component_ref idref="oc-155"/>
            <object_component_ref idref="oc-169"/>
            <object_component_ref idref="oc-15a"/>
            <object_component_ref idref="oc-15f"/>
         </contents>
      </logical_group>
      <logical_group id="lg-1a6" display="no" color="cyan">
         <name>Veneer$$CMSE</name>
         <run_address>0x0</run_address>
         <size>0x0</size>
         <contents>
         </contents>
      </logical_group>
      <load_segment id="lg-1ab" display="no" color="cyan">
         <name>SEGMENT_0</name>
         <load_address>0x0</load_address>
         <run_address>0x0</run_address>
         <size>0x8b8</size>
         <flags>0x5</flags>
         <contents>
            <logical_group_ref idref="lg-3"/>
            <logical_group_ref idref="lg-4"/>
            <logical_group_ref idref="lg-6"/>
         </contents>
      </load_segment>
      <load_segment id="lg-1ac" display="no" color="cyan">
         <name>SEGMENT_1</name>
         <run_address>0x20000000</run_address>
         <size>0x1c</size>
         <flags>0x6</flags>
         <contents>
            <logical_group_ref idref="lg-e"/>
         </contents>
      </load_segment>
      <load_segment id="lg-1ad" display="no" color="cyan">
         <name>SEGMENT_2</name>
         <run_address>0x2000fe00</run_address>
         <size>0x200</size>
         <flags>0x6</flags>
         <contents>
            <logical_group_ref idref="lg-11"/>
         </contents>
      </load_segment>
   </logical_group_list>
   <placement_map>
      <memory_area display="yes" color="green">
         <name>MAIN</name>
         <page_id>0x0</page_id>
         <origin>0x0</origin>
         <length>0x40000</length>
         <used_space>0x8b8</used_space>
         <unused_space>0x3f748</unused_space>
         <attributes>RX</attributes>
         <usage_details>
            <allocated_space>
               <start_address>0x0</start_address>
               <size>0x0</size>
               <logical_group_ref idref="lg-9"/>
            </allocated_space>
            <allocated_space>
               <start_address>0x0</start_address>
               <size>0xe4</size>
               <logical_group_ref idref="lg-3"/>
            </allocated_space>
            <allocated_space>
               <start_address>0xe4</start_address>
               <size>0x7b4</size>
               <logical_group_ref idref="lg-4"/>
            </allocated_space>
            <allocated_space>
               <start_address>0x898</start_address>
               <size>0x20</size>
               <logical_group_ref idref="lg-6"/>
            </allocated_space>
            <available_space>
               <start_address>0x8b8</start_address>
               <size>0x3f748</size>
            </available_space>
         </usage_details>
      </memory_area>
      <memory_area display="yes" color="green">
         <name>INFO</name>
         <page_id>0x0</page_id>
         <origin>0x200000</origin>
         <length>0x4000</length>
         <used_space>0x0</used_space>
         <unused_space>0x4000</unused_space>
         <attributes>RX</attributes>
         <usage_details>
         </usage_details>
      </memory_area>
      <memory_area display="yes" color="green">
         <name>SRAM_CODE</name>
         <page_id>0x0</page_id>
         <origin>0x1000000</origin>
         <length>0x10000</length>
         <used_space>0x21c</used_space>
         <unused_space>0xfde4</unused_space>
         <attributes>RWX</attributes>
         <usage_details>
            <allocated_space>
               <start_address>0x1000000</start_address>
               <size>0x0</size>
               <logical_group_ref idref="lg-176"/>
            </allocated_space>
            <allocated_space>
               <start_address>0x1000000</start_address>
               <size>0x1c</size>
               <logical_group_ref idref="lg-e"/>
            </allocated_space>
            <available_space>
               <start_address>0x100001c</start_address>
               <size>0xfde4</size>
            </available_space>
            <allocated_space>
               <start_address>0x100fe00</start_address>
               <size>0x200</size>
               <logical_group_ref idref="lg-11"/>
            </allocated_space>
         </usage_details>
      </memory_area>
      <memory_area display="yes" color="green">
         <name>SRAM_DATA</name>
         <page_id>0x0</page_id>
         <origin>0x20000000</origin>
         <length>0x10000</length>
         <used_space>0x21c</used_space>
         <unused_space>0xfde4</unused_space>
         <attributes>RW</attributes>
         <usage_details>
            <allocated_space>
               <start_address>0x20000000</start_address>
               <size>0x0</size>
               <logical_group_ref idref="lg-176"/>
            </allocated_space>
            <allocated_space>
               <start_address>0x20000000</start_address>
               <size>0x1c</size>
               <logical_group_ref idref="lg-e"/>
            </allocated_space>
            <available_space>
               <start_address>0x2000001c</start_address>
               <size>0xfde4</size>
            </available_space>
            <allocated_space>
               <start_address>0x2000fe00</start_address>
               <size>0x200</size>
               <logical_group_ref idref="lg-11"/>
            </allocated_space>
         </usage_details>
      </memory_area>
   </placement_map>
   <cptbl_list>
      <cptbl>
         <name>__TI_cinit_table</name>
         <cprec>
            <name>.data</name>
            <load_address>0x898</load_address>
            <load_size>0xd</load_size>
            <run_address>0x20000000</run_address>
            <run_size>0x1c</run_size>
            <compression>lzss</compression>
         </cprec>
      </cptbl>
   </cptbl_list>
   <handler_table>
      <handler_table_name>__TI_handler_table</handler_table_name>
      <handler>
         <index>0x0</index>
         <name>__TI_decompress_lzss</name>
      </handler>
      <handler>
         <index>0x1</index>
         <name>__TI_decompress_none</name>
      </handler>
   </handler_table>
   <symbol_table>
      <symbol id="sm-1">
         <name>WDTCTL_SYM</name>
         <value>0x4000480c</value>
      </symbol>
      <symbol id="sm-2">
         <name>__start___llvm_prf_cnts</name>
         <value>0x20000000</value>
      </symbol>
      <symbol id="sm-3">
         <name>__stop___llvm_prf_cnts</name>
         <value>0x20000000</value>
      </symbol>
      <symbol id="sm-4">
         <name>__TI_CINIT_Base</name>
         <value>0x8b0</value>
      </symbol>
      <symbol id="sm-5">
         <name>__TI_CINIT_Limit</name>
         <value>0x8b8</value>
      </symbol>
      <symbol id="sm-6">
         <name>__TI_Handler_Table_Base</name>
         <value>0x8a8</value>
      </symbol>
      <symbol id="sm-7">
         <name>__TI_Handler_Table_Limit</name>
         <value>0x8b0</value>
      </symbol>
      <symbol id="sm-8">
         <name>binit</name>
         <value>0xffffffff</value>
      </symbol>
      <symbol id="sm-9">
         <name>__binit__</name>
         <value>0xffffffff</value>
      </symbol>
      <symbol id="sm-a">
         <name>__STACK_SIZE</name>
         <value>0x200</value>
      </symbol>
      <symbol id="sm-b">
         <name>__STACK_END</name>
         <value>0x20010000</value>
      </symbol>
      <symbol id="sm-c">
         <name>__c_args__</name>
         <value>0xffffffff</value>
      </symbol>
      <symbol id="sm-d">
         <name>__TI_pprof_out_hndl</name>
         <value>0xffffffff</value>
      </symbol>
      <symbol id="sm-e">
         <name>__TI_prof_data_start</name>
         <value>0xffffffff</value>
      </symbol>
      <symbol id="sm-f">
         <name>__TI_prof_data_size</name>
         <value>0xffffffff</value>
      </symbol>
      <symbol id="sm-a4">
         <name>PortInit</name>
         <value>0x5b7</value>
         <object_component_ref idref="oc-93"/>
      </symbol>
      <symbol id="sm-a5">
         <name>Clock_Delay1ms</name>
         <value>0x56d</value>
         <object_component_ref idref="oc-93"/>
      </symbol>
      <symbol id="sm-a6">
         <name>Crystalstable</name>
         <value>0x20000014</value>
         <object_component_ref idref="oc-c3"/>
      </symbol>
      <symbol id="sm-a7">
         <name>Clock_Delay1us</name>
         <value>0x543</value>
         <object_component_ref idref="oc-93"/>
      </symbol>
      <symbol id="sm-a8">
         <name>TimerInit</name>
         <value>0x5e1</value>
         <object_component_ref idref="oc-93"/>
      </symbol>
      <symbol id="sm-a9">
         <name>Clock_GetFreq</name>
         <value>0x52f</value>
         <object_component_ref idref="oc-93"/>
      </symbol>
      <symbol id="sm-aa">
         <name>Prewait</name>
         <value>0x20000004</value>
         <object_component_ref idref="oc-c3"/>
      </symbol>
      <symbol id="sm-ab">
         <name>StartCritical</name>
         <value>0x59f</value>
         <object_component_ref idref="oc-93"/>
      </symbol>
      <symbol id="sm-ac">
         <name>IFlags</name>
         <value>0x20000010</value>
         <object_component_ref idref="oc-c3"/>
      </symbol>
      <symbol id="sm-ad">
         <name>ClockFrequency</name>
         <value>0x20000000</value>
         <object_component_ref idref="oc-c3"/>
      </symbol>
      <symbol id="sm-ae">
         <name>Postwait</name>
         <value>0x2000000c</value>
         <object_component_ref idref="oc-c3"/>
      </symbol>
      <symbol id="sm-af">
         <name>main</name>
         <value>0x619</value>
         <object_component_ref idref="oc-93"/>
      </symbol>
      <symbol id="sm-b0">
         <name>delay</name>
         <value>0x535</value>
         <object_component_ref idref="oc-93"/>
      </symbol>
      <symbol id="sm-b1">
         <name>EndCritical</name>
         <value>0x5a9</value>
         <object_component_ref idref="oc-93"/>
      </symbol>
      <symbol id="sm-b2">
         <name>CPMwait</name>
         <value>0x20000008</value>
         <object_component_ref idref="oc-c3"/>
      </symbol>
      <symbol id="sm-b3">
         <name>DisableInterrupts</name>
         <value>0x593</value>
         <object_component_ref idref="oc-93"/>
      </symbol>
      <symbol id="sm-b4">
         <name>WaitForInterrupt</name>
         <value>0x5b1</value>
         <object_component_ref idref="oc-93"/>
      </symbol>
      <symbol id="sm-b5">
         <name>EnableInterrupts</name>
         <value>0x599</value>
         <object_component_ref idref="oc-93"/>
      </symbol>
      <symbol id="sm-b6">
         <name>Clock_Init48MHz</name>
         <value>0x419</value>
         <object_component_ref idref="oc-93"/>
      </symbol>
      <symbol id="sm-cb">
         <name>Reset_Handler</name>
         <value>0x883</value>
         <object_component_ref idref="oc-67"/>
      </symbol>
      <symbol id="sm-cc">
         <name>Default_Handler</name>
         <value>0x88f</value>
         <object_component_ref idref="oc-67"/>
      </symbol>
      <symbol id="sm-cd">
         <name>interruptVectors</name>
         <value>0x0</value>
         <object_component_ref idref="oc-26"/>
      </symbol>
      <symbol id="sm-115">
         <name>SystemInit</name>
         <value>0x35d</value>
         <object_component_ref idref="oc-a5"/>
      </symbol>
      <symbol id="sm-116">
         <name>SystemCoreClockUpdate</name>
         <value>0xe5</value>
         <object_component_ref idref="oc-a5"/>
      </symbol>
      <symbol id="sm-117">
         <name>SystemCoreClock</name>
         <value>0x20000018</value>
         <object_component_ref idref="oc-10a"/>
      </symbol>
      <symbol id="sm-12f">
         <name>__TI_decompress_none</name>
         <value>0x875</value>
         <object_component_ref idref="oc-1d"/>
      </symbol>
      <symbol id="sm-152">
         <name>__TI_decompress_lzss</name>
         <value>0x795</value>
         <object_component_ref idref="oc-17"/>
      </symbol>
      <symbol id="sm-165">
         <name>__stack</name>
         <value>0x2000fe00</value>
         <object_component_ref idref="oc-29"/>
      </symbol>
      <symbol id="sm-166">
         <name>_c_int00_noargs</name>
         <value>0x841</value>
         <object_component_ref idref="oc-55"/>
      </symbol>
      <symbol id="sm-181">
         <name>memcpy</name>
         <value>0x6f9</value>
         <object_component_ref idref="oc-37"/>
      </symbol>
      <symbol id="sm-182">
         <name>__aeabi_memcpy</name>
         <value>0x6f9</value>
         <object_component_ref idref="oc-37"/>
      </symbol>
      <symbol id="sm-183">
         <name>__aeabi_memcpy8</name>
         <value>0x6f9</value>
         <object_component_ref idref="oc-37"/>
      </symbol>
      <symbol id="sm-184">
         <name>__aeabi_memcpy4</name>
         <value>0x6f9</value>
         <object_component_ref idref="oc-37"/>
      </symbol>
      <symbol id="sm-1ad">
         <name>__TI_auto_init_nobinit_nopinit</name>
         <value>0x7fd</value>
         <object_component_ref idref="oc-d8"/>
      </symbol>
      <symbol id="sm-1b7">
         <name>_system_pre_init</name>
         <value>0x891</value>
         <object_component_ref idref="oc-8d"/>
      </symbol>
      <symbol id="sm-1c3">
         <name>C$$EXIT</name>
         <value>0x895</value>
         <object_component_ref idref="oc-cc"/>
      </symbol>
      <symbol id="sm-1c4">
         <name>abort</name>
         <value>0x895</value>
         <object_component_ref idref="oc-cc"/>
      </symbol>
      <symbol id="sm-1c7">
         <name>__TI_static_base__</name>
         <value>0x0</value>
      </symbol>
      <symbol id="sm-1ca">
         <name>__mpu_init</name>
         <value>0x0</value>
      </symbol>
      <symbol id="sm-1cb">
         <name>_system_post_cinit</name>
         <value>0x0</value>
      </symbol>
      <symbol id="sm-1cc">
         <name>NMI_Handler</name>
         <value>0x88f</value>
      </symbol>
      <symbol id="sm-1cd">
         <name>HardFault_Handler</name>
         <value>0x88f</value>
      </symbol>
      <symbol id="sm-1ce">
         <name>MemManage_Handler</name>
         <value>0x88f</value>
      </symbol>
      <symbol id="sm-1cf">
         <name>BusFault_Handler</name>
         <value>0x88f</value>
      </symbol>
      <symbol id="sm-1d0">
         <name>UsageFault_Handler</name>
         <value>0x88f</value>
      </symbol>
      <symbol id="sm-1d1">
         <name>SVC_Handler</name>
         <value>0x88f</value>
      </symbol>
      <symbol id="sm-1d2">
         <name>DebugMon_Handler</name>
         <value>0x88f</value>
      </symbol>
      <symbol id="sm-1d3">
         <name>PendSV_Handler</name>
         <value>0x88f</value>
      </symbol>
      <symbol id="sm-1d4">
         <name>SysTick_Handler</name>
         <value>0x88f</value>
      </symbol>
      <symbol id="sm-1d5">
         <name>PSS_IRQHandler</name>
         <value>0x88f</value>
      </symbol>
      <symbol id="sm-1d6">
         <name>CS_IRQHandler</name>
         <value>0x88f</value>
      </symbol>
      <symbol id="sm-1d7">
         <name>PCM_IRQHandler</name>
         <value>0x88f</value>
      </symbol>
      <symbol id="sm-1d8">
         <name>WDT_A_IRQHandler</name>
         <value>0x88f</value>
      </symbol>
      <symbol id="sm-1d9">
         <name>FPU_IRQHandler</name>
         <value>0x88f</value>
      </symbol>
      <symbol id="sm-1da">
         <name>FLCTL_IRQHandler</name>
         <value>0x88f</value>
      </symbol>
      <symbol id="sm-1db">
         <name>COMP_E0_IRQHandler</name>
         <value>0x88f</value>
      </symbol>
      <symbol id="sm-1dc">
         <name>COMP_E1_IRQHandler</name>
         <value>0x88f</value>
      </symbol>
      <symbol id="sm-1dd">
         <name>TA0_0_IRQHandler</name>
         <value>0x88f</value>
      </symbol>
      <symbol id="sm-1de">
         <name>TA0_N_IRQHandler</name>
         <value>0x88f</value>
      </symbol>
      <symbol id="sm-1df">
         <name>TA1_0_IRQHandler</name>
         <value>0x88f</value>
      </symbol>
      <symbol id="sm-1e0">
         <name>TA1_N_IRQHandler</name>
         <value>0x88f</value>
      </symbol>
      <symbol id="sm-1e1">
         <name>TA2_0_IRQHandler</name>
         <value>0x88f</value>
      </symbol>
      <symbol id="sm-1e2">
         <name>TA2_N_IRQHandler</name>
         <value>0x88f</value>
      </symbol>
      <symbol id="sm-1e3">
         <name>TA3_0_IRQHandler</name>
         <value>0x88f</value>
      </symbol>
      <symbol id="sm-1e4">
         <name>TA3_N_IRQHandler</name>
         <value>0x88f</value>
      </symbol>
      <symbol id="sm-1e5">
         <name>EUSCIA0_IRQHandler</name>
         <value>0x88f</value>
      </symbol>
      <symbol id="sm-1e6">
         <name>EUSCIA1_IRQHandler</name>
         <value>0x88f</value>
      </symbol>
      <symbol id="sm-1e7">
         <name>EUSCIA2_IRQHandler</name>
         <value>0x88f</value>
      </symbol>
      <symbol id="sm-1e8">
         <name>EUSCIA3_IRQHandler</name>
         <value>0x88f</value>
      </symbol>
      <symbol id="sm-1e9">
         <name>EUSCIB0_IRQHandler</name>
         <value>0x88f</value>
      </symbol>
      <symbol id="sm-1ea">
         <name>EUSCIB1_IRQHandler</name>
         <value>0x88f</value>
      </symbol>
      <symbol id="sm-1eb">
         <name>EUSCIB2_IRQHandler</name>
         <value>0x88f</value>
      </symbol>
      <symbol id="sm-1ec">
         <name>EUSCIB3_IRQHandler</name>
         <value>0x88f</value>
      </symbol>
      <symbol id="sm-1ed">
         <name>ADC14_IRQHandler</name>
         <value>0x88f</value>
      </symbol>
      <symbol id="sm-1ee">
         <name>T32_INT1_IRQHandler</name>
         <value>0x88f</value>
      </symbol>
      <symbol id="sm-1ef">
         <name>T32_INT2_IRQHandler</name>
         <value>0x88f</value>
      </symbol>
      <symbol id="sm-1f0">
         <name>T32_INTC_IRQHandler</name>
         <value>0x88f</value>
      </symbol>
      <symbol id="sm-1f1">
         <name>AES256_IRQHandler</name>
         <value>0x88f</value>
      </symbol>
      <symbol id="sm-1f2">
         <name>RTC_C_IRQHandler</name>
         <value>0x88f</value>
      </symbol>
      <symbol id="sm-1f3">
         <name>DMA_ERR_IRQHandler</name>
         <value>0x88f</value>
      </symbol>
      <symbol id="sm-1f4">
         <name>DMA_INT3_IRQHandler</name>
         <value>0x88f</value>
      </symbol>
      <symbol id="sm-1f5">
         <name>DMA_INT2_IRQHandler</name>
         <value>0x88f</value>
      </symbol>
      <symbol id="sm-1f6">
         <name>DMA_INT1_IRQHandler</name>
         <value>0x88f</value>
      </symbol>
      <symbol id="sm-1f7">
         <name>DMA_INT0_IRQHandler</name>
         <value>0x88f</value>
      </symbol>
      <symbol id="sm-1f8">
         <name>PORT1_IRQHandler</name>
         <value>0x88f</value>
      </symbol>
      <symbol id="sm-1f9">
         <name>PORT2_IRQHandler</name>
         <value>0x88f</value>
      </symbol>
      <symbol id="sm-1fa">
         <name>PORT3_IRQHandler</name>
         <value>0x88f</value>
      </symbol>
      <symbol id="sm-1fb">
         <name>PORT4_IRQHandler</name>
         <value>0x88f</value>
      </symbol>
      <symbol id="sm-1fc">
         <name>PORT5_IRQHandler</name>
         <value>0x88f</value>
      </symbol>
      <symbol id="sm-1fd">
         <name>PORT6_IRQHandler</name>
         <value>0x88f</value>
      </symbol>
   </symbol_table>
   <title>Link successful</title>
</link_info>
