<?xml version="1.0" encoding="ISO-8859-1" ?>
<link_info>
   <banner>TI ARM Linker PC v20.2.5.LTS</banner>
   <copyright>Copyright (c) 1996-2018 Texas Instruments Incorporated</copyright>
   <link_time>0x61ddb509</link_time>
   <link_errors>0x0</link_errors>
   <output_file>InputOutput.out</output_file>
   <entry_point>
      <name>_c_int00_noargs</name>
      <address>0x885</address>
   </entry_point>
   <input_file_list>
      <input_file id="fl-2">
         <path>.\</path>
         <kind>object</kind>
         <file>InputOutput.obj</file>
         <name>InputOutput.obj</name>
      </input_file>
      <input_file id="fl-3">
         <path>.\</path>
         <kind>object</kind>
         <file>startup_msp432p401r_ccs.obj</file>
         <name>startup_msp432p401r_ccs.obj</name>
      </input_file>
      <input_file id="fl-4">
         <path>.\</path>
         <kind>object</kind>
         <file>system_msp432p401r.obj</file>
         <name>system_msp432p401r.obj</name>
      </input_file>
      <input_file id="fl-8">
         <kind>object</kind>
         <file>&lt;internal&gt;</file>
         <name>&lt;internal&gt;</name>
      </input_file>
      <input_file id="fl-be">
         <path>C:\ti\ccs1040\ccs\tools\compiler\ti-cgt-arm_20.2.5.LTS\lib\</path>
         <kind>archive</kind>
         <file>rtsv7M4_T_le_v4SPD16_eabi.lib</file>
         <name>copy_zero_init.c.obj</name>
      </input_file>
      <input_file id="fl-bf">
         <path>C:\ti\ccs1040\ccs\tools\compiler\ti-cgt-arm_20.2.5.LTS\lib\</path>
         <kind>archive</kind>
         <file>rtsv7M4_T_le_v4SPD16_eabi.lib</file>
         <name>copy_decompress_none.c.obj</name>
      </input_file>
      <input_file id="fl-c0">
         <path>C:\ti\ccs1040\ccs\tools\compiler\ti-cgt-arm_20.2.5.LTS\lib\</path>
         <kind>archive</kind>
         <file>rtsv7M4_T_le_v4SPD16_eabi.lib</file>
         <name>copy_decompress_lzss.c.obj</name>
      </input_file>
      <input_file id="fl-c1">
         <path>C:\ti\ccs1040\ccs\tools\compiler\ti-cgt-arm_20.2.5.LTS\lib\</path>
         <kind>archive</kind>
         <file>rtsv7M4_T_le_v4SPD16_eabi.lib</file>
         <name>boot_cortex_m.c.obj</name>
      </input_file>
      <input_file id="fl-c2">
         <path>C:\ti\ccs1040\ccs\tools\compiler\ti-cgt-arm_20.2.5.LTS\lib\</path>
         <kind>archive</kind>
         <file>rtsv7M4_T_le_v4SPD16_eabi.lib</file>
         <name>memcpy_t2.asm.obj</name>
      </input_file>
      <input_file id="fl-c3">
         <path>C:\ti\ccs1040\ccs\tools\compiler\ti-cgt-arm_20.2.5.LTS\lib\</path>
         <kind>archive</kind>
         <file>rtsv7M4_T_le_v4SPD16_eabi.lib</file>
         <name>memset_t2.asm.obj</name>
      </input_file>
      <input_file id="fl-c4">
         <path>C:\ti\ccs1040\ccs\tools\compiler\ti-cgt-arm_20.2.5.LTS\lib\</path>
         <kind>archive</kind>
         <file>rtsv7M4_T_le_v4SPD16_eabi.lib</file>
         <name>autoinit.c.obj</name>
      </input_file>
      <input_file id="fl-c5">
         <path>C:\ti\ccs1040\ccs\tools\compiler\ti-cgt-arm_20.2.5.LTS\lib\</path>
         <kind>archive</kind>
         <file>rtsv7M4_T_le_v4SPD16_eabi.lib</file>
         <name>pre_init.c.obj</name>
      </input_file>
      <input_file id="fl-c6">
         <path>C:\ti\ccs1040\ccs\tools\compiler\ti-cgt-arm_20.2.5.LTS\lib\</path>
         <kind>archive</kind>
         <file>rtsv7M4_T_le_v4SPD16_eabi.lib</file>
         <name>cpy_tbl.c.obj</name>
      </input_file>
      <input_file id="fl-c7">
         <path>C:\ti\ccs1040\ccs\tools\compiler\ti-cgt-arm_20.2.5.LTS\lib\</path>
         <kind>archive</kind>
         <file>rtsv7M4_T_le_v4SPD16_eabi.lib</file>
         <name>exit.c.obj</name>
      </input_file>
      <input_file id="fl-c8">
         <path>C:\ti\ccs1040\ccs\tools\compiler\ti-cgt-arm_20.2.5.LTS\lib\</path>
         <kind>archive</kind>
         <file>rtsv7M4_T_le_v4SPD16_eabi.lib</file>
         <name>_lock.c.obj</name>
      </input_file>
      <input_file id="fl-c9">
         <path>C:\ti\ccs1040\ccs\tools\compiler\ti-cgt-arm_20.2.5.LTS\lib\</path>
         <kind>archive</kind>
         <file>rtsv7M4_T_le_v4SPD16_eabi.lib</file>
         <name>args_main.c.obj</name>
      </input_file>
   </input_file_list>
   <object_component_list>
      <object_component id="oc-26">
         <name>.intvecs:retain</name>
         <load_address>0x0</load_address>
         <run_address>0x0</run_address>
         <size>0xe4</size>
         <input_file_ref idref="fl-3"/>
      </object_component>
      <object_component id="oc-93">
         <name>.text</name>
         <load_address>0xe4</load_address>
         <run_address>0xe4</run_address>
         <size>0x32c</size>
         <input_file_ref idref="fl-2"/>
      </object_component>
      <object_component id="oc-a5">
         <name>.text</name>
         <load_address>0x410</load_address>
         <run_address>0x410</run_address>
         <size>0x32c</size>
         <input_file_ref idref="fl-4"/>
      </object_component>
      <object_component id="oc-37">
         <name>.text</name>
         <load_address>0x73c</load_address>
         <run_address>0x73c</run_address>
         <size>0x9c</size>
         <input_file_ref idref="fl-c2"/>
      </object_component>
      <object_component id="oc-17">
         <name>.text:decompress:lzss:__TI_decompress_lzss</name>
         <load_address>0x7d8</load_address>
         <run_address>0x7d8</run_address>
         <size>0x68</size>
         <input_file_ref idref="fl-c0"/>
      </object_component>
      <object_component id="oc-d5">
         <name>.text:__TI_auto_init_nobinit_nopinit:__TI_auto_init_nobinit_nopinit</name>
         <load_address>0x840</load_address>
         <run_address>0x840</run_address>
         <size>0x44</size>
         <input_file_ref idref="fl-c4"/>
      </object_component>
      <object_component id="oc-55">
         <name>.text:_c_int00_noargs:_c_int00_noargs</name>
         <load_address>0x884</load_address>
         <run_address>0x884</run_address>
         <size>0x34</size>
         <input_file_ref idref="fl-c1"/>
      </object_component>
      <object_component id="oc-1d">
         <name>.text:decompress:none:__TI_decompress_none</name>
         <load_address>0x8b8</load_address>
         <run_address>0x8b8</run_address>
         <size>0xe</size>
         <input_file_ref idref="fl-bf"/>
      </object_component>
      <object_component id="oc-67">
         <name>.text</name>
         <load_address>0x8c6</load_address>
         <run_address>0x8c6</run_address>
         <size>0xe</size>
         <input_file_ref idref="fl-3"/>
      </object_component>
      <object_component id="oc-8d">
         <name>.text:_system_pre_init</name>
         <load_address>0x8d4</load_address>
         <run_address>0x8d4</run_address>
         <size>0x4</size>
         <input_file_ref idref="fl-c5"/>
      </object_component>
      <object_component id="oc-c9">
         <name>.text:abort:abort</name>
         <load_address>0x8d8</load_address>
         <run_address>0x8d8</run_address>
         <size>0x4</size>
         <input_file_ref idref="fl-c7"/>
      </object_component>
      <object_component id="oc-1a0">
         <name>.cinit..data.load</name>
         <load_address>0x8e0</load_address>
         <run_address>0x8e0</run_address>
         <size>0x8</size>
      </object_component>
      <object_component id="oc-19e">
         <name>__TI_handler_table</name>
         <load_address>0x8e8</load_address>
         <run_address>0x8e8</run_address>
         <size>0x8</size>
      </object_component>
      <object_component id="oc-19f">
         <name>__TI_cinit_table</name>
         <load_address>0x8f0</load_address>
         <run_address>0x8f0</run_address>
         <size>0x8</size>
      </object_component>
      <object_component id="oc-172">
         <name>.binit</name>
         <load_address>0x0</load_address>
         <run_address>0x0</run_address>
         <size>0x0</size>
      </object_component>
      <object_component id="oc-107">
         <name>.data</name>
         <load_address>0x20000000</load_address>
         <run_address>0x20000000</run_address>
         <size>0x4</size>
         <input_file_ref idref="fl-4"/>
      </object_component>
      <object_component id="oc-29">
         <name>.stack</name>
         <uninitialized>true</uninitialized>
         <run_address>0x2000fe00</run_address>
         <size>0x4</size>
         <input_file_ref idref="fl-c1"/>
      </object_component>
      <object_component id="oc-1a2">
         <name>.stack</name>
         <uninitialized>true</uninitialized>
         <run_address>0x2000fe00</run_address>
         <size>0x0</size>
      </object_component>
      <object_component id="oc-110">
         <name>.debug_info</name>
         <load_address>0x0</load_address>
         <run_address>0x0</run_address>
         <size>0x52b</size>
         <input_file_ref idref="fl-2"/>
      </object_component>
      <object_component id="oc-94">
         <name>.debug_info</name>
         <load_address>0x52b</load_address>
         <run_address>0x52b</run_address>
         <size>0x8a8</size>
         <input_file_ref idref="fl-2"/>
      </object_component>
      <object_component id="oc-135">
         <name>.debug_info</name>
         <load_address>0xdd3</load_address>
         <run_address>0xdd3</run_address>
         <size>0x37e2</size>
         <input_file_ref idref="fl-2"/>
      </object_component>
      <object_component id="oc-ae">
         <name>.debug_info</name>
         <load_address>0x45b5</load_address>
         <run_address>0x45b5</run_address>
         <size>0x26b</size>
         <input_file_ref idref="fl-2"/>
      </object_component>
      <object_component id="oc-13a">
         <name>.debug_info</name>
         <load_address>0x4820</load_address>
         <run_address>0x4820</run_address>
         <size>0x1055</size>
         <input_file_ref idref="fl-2"/>
      </object_component>
      <object_component id="oc-32">
         <name>.debug_info</name>
         <load_address>0x5875</load_address>
         <run_address>0x5875</run_address>
         <size>0x84</size>
         <input_file_ref idref="fl-2"/>
      </object_component>
      <object_component id="oc-10b">
         <name>.debug_info</name>
         <load_address>0x58f9</load_address>
         <run_address>0x58f9</run_address>
         <size>0x2a4</size>
         <input_file_ref idref="fl-2"/>
      </object_component>
      <object_component id="oc-c4">
         <name>.debug_info</name>
         <load_address>0x5b9d</load_address>
         <run_address>0x5b9d</run_address>
         <size>0xbb</size>
         <input_file_ref idref="fl-2"/>
      </object_component>
      <object_component id="oc-6f">
         <name>.debug_info</name>
         <load_address>0x5c58</load_address>
         <run_address>0x5c58</run_address>
         <size>0x2c4</size>
         <input_file_ref idref="fl-3"/>
      </object_component>
      <object_component id="oc-27">
         <name>.debug_info</name>
         <load_address>0x5f1c</load_address>
         <run_address>0x5f1c</run_address>
         <size>0xf0</size>
         <input_file_ref idref="fl-3"/>
      </object_component>
      <object_component id="oc-6b">
         <name>.debug_info</name>
         <load_address>0x600c</load_address>
         <run_address>0x600c</run_address>
         <size>0x1b7</size>
         <input_file_ref idref="fl-3"/>
      </object_component>
      <object_component id="oc-108">
         <name>.debug_info</name>
         <load_address>0x61c3</load_address>
         <run_address>0x61c3</run_address>
         <size>0xe9</size>
         <input_file_ref idref="fl-4"/>
      </object_component>
      <object_component id="oc-a6">
         <name>.debug_info</name>
         <load_address>0x62ac</load_address>
         <run_address>0x62ac</run_address>
         <size>0x25b</size>
         <input_file_ref idref="fl-4"/>
      </object_component>
      <object_component id="oc-42">
         <name>.debug_info</name>
         <load_address>0x6507</load_address>
         <run_address>0x6507</run_address>
         <size>0x2a8</size>
         <input_file_ref idref="fl-bf"/>
      </object_component>
      <object_component id="oc-21">
         <name>.debug_info</name>
         <load_address>0x67af</load_address>
         <run_address>0x67af</run_address>
         <size>0x1ea</size>
         <input_file_ref idref="fl-bf"/>
      </object_component>
      <object_component id="oc-3d">
         <name>.debug_info</name>
         <load_address>0x6999</load_address>
         <run_address>0x6999</run_address>
         <size>0x46</size>
         <input_file_ref idref="fl-bf"/>
      </object_component>
      <object_component id="oc-79">
         <name>.debug_info</name>
         <load_address>0x69df</load_address>
         <run_address>0x69df</run_address>
         <size>0x2c</size>
         <input_file_ref idref="fl-bf"/>
      </object_component>
      <object_component id="oc-77">
         <name>.debug_info</name>
         <load_address>0x6a0b</load_address>
         <run_address>0x6a0b</run_address>
         <size>0x29e</size>
         <input_file_ref idref="fl-c0"/>
      </object_component>
      <object_component id="oc-19">
         <name>.debug_info</name>
         <load_address>0x6ca9</load_address>
         <run_address>0x6ca9</run_address>
         <size>0x250</size>
         <input_file_ref idref="fl-c0"/>
      </object_component>
      <object_component id="oc-2d">
         <name>.debug_info</name>
         <load_address>0x6ef9</load_address>
         <run_address>0x6ef9</run_address>
         <size>0x60</size>
         <input_file_ref idref="fl-c0"/>
      </object_component>
      <object_component id="oc-b3">
         <name>.debug_info</name>
         <load_address>0x6f59</load_address>
         <run_address>0x6f59</run_address>
         <size>0x46</size>
         <input_file_ref idref="fl-c0"/>
      </object_component>
      <object_component id="oc-72">
         <name>.debug_info</name>
         <load_address>0x6f9f</load_address>
         <run_address>0x6f9f</run_address>
         <size>0x39</size>
         <input_file_ref idref="fl-c0"/>
      </object_component>
      <object_component id="oc-2a">
         <name>.debug_info</name>
         <load_address>0x6fd8</load_address>
         <run_address>0x6fd8</run_address>
         <size>0x10b</size>
         <input_file_ref idref="fl-c1"/>
      </object_component>
      <object_component id="oc-56">
         <name>.debug_info</name>
         <load_address>0x70e3</load_address>
         <run_address>0x70e3</run_address>
         <size>0x1a9</size>
         <input_file_ref idref="fl-c1"/>
      </object_component>
      <object_component id="oc-39">
         <name>.debug_info</name>
         <load_address>0x728c</load_address>
         <run_address>0x728c</run_address>
         <size>0x119</size>
         <input_file_ref idref="fl-c2"/>
      </object_component>
      <object_component id="oc-11c">
         <name>.debug_info</name>
         <load_address>0x73a5</load_address>
         <run_address>0x73a5</run_address>
         <size>0x4b3</size>
         <input_file_ref idref="fl-c4"/>
      </object_component>
      <object_component id="oc-d8">
         <name>.debug_info</name>
         <load_address>0x7858</load_address>
         <run_address>0x7858</run_address>
         <size>0x1a6</size>
         <input_file_ref idref="fl-c4"/>
      </object_component>
      <object_component id="oc-14f">
         <name>.debug_info</name>
         <load_address>0x79fe</load_address>
         <run_address>0x79fe</run_address>
         <size>0x39</size>
         <input_file_ref idref="fl-c4"/>
      </object_component>
      <object_component id="oc-163">
         <name>.debug_info</name>
         <load_address>0x7a37</load_address>
         <run_address>0x7a37</run_address>
         <size>0x39</size>
         <input_file_ref idref="fl-c4"/>
      </object_component>
      <object_component id="oc-154">
         <name>.debug_info</name>
         <load_address>0x7a70</load_address>
         <run_address>0x7a70</run_address>
         <size>0x39</size>
         <input_file_ref idref="fl-c4"/>
      </object_component>
      <object_component id="oc-159">
         <name>.debug_info</name>
         <load_address>0x7aa9</load_address>
         <run_address>0x7aa9</run_address>
         <size>0xcd</size>
         <input_file_ref idref="fl-c4"/>
      </object_component>
      <object_component id="oc-8f">
         <name>.debug_info</name>
         <load_address>0x7b76</load_address>
         <run_address>0x7b76</run_address>
         <size>0x153</size>
         <input_file_ref idref="fl-c5"/>
      </object_component>
      <object_component id="oc-cb">
         <name>.debug_info</name>
         <load_address>0x7cc9</load_address>
         <run_address>0x7cc9</run_address>
         <size>0x122</size>
         <input_file_ref idref="fl-c7"/>
      </object_component>
      <object_component id="oc-1a3">
         <name>.debug_info</name>
         <load_address>0x7deb</load_address>
         <run_address>0x7deb</run_address>
         <size>0x9c</size>
      </object_component>
      <object_component id="oc-134">
         <name>.debug_line</name>
         <load_address>0x0</load_address>
         <run_address>0x0</run_address>
         <size>0x20</size>
         <input_file_ref idref="fl-2"/>
      </object_component>
      <object_component id="oc-97">
         <name>.debug_line</name>
         <load_address>0x20</load_address>
         <run_address>0x20</run_address>
         <size>0x243</size>
         <input_file_ref idref="fl-2"/>
      </object_component>
      <object_component id="oc-138">
         <name>.debug_line</name>
         <load_address>0x263</load_address>
         <run_address>0x263</run_address>
         <size>0x58</size>
         <input_file_ref idref="fl-2"/>
      </object_component>
      <object_component id="oc-b1">
         <name>.debug_line</name>
         <load_address>0x2bb</load_address>
         <run_address>0x2bb</run_address>
         <size>0x6f</size>
         <input_file_ref idref="fl-2"/>
      </object_component>
      <object_component id="oc-13d">
         <name>.debug_line</name>
         <load_address>0x32a</load_address>
         <run_address>0x32a</run_address>
         <size>0x5b</size>
         <input_file_ref idref="fl-2"/>
      </object_component>
      <object_component id="oc-35">
         <name>.debug_line</name>
         <load_address>0x385</load_address>
         <run_address>0x385</run_address>
         <size>0x20</size>
         <input_file_ref idref="fl-2"/>
      </object_component>
      <object_component id="oc-10e">
         <name>.debug_line</name>
         <load_address>0x3a5</load_address>
         <run_address>0x3a5</run_address>
         <size>0x73</size>
         <input_file_ref idref="fl-2"/>
      </object_component>
      <object_component id="oc-c7">
         <name>.debug_line</name>
         <load_address>0x418</load_address>
         <run_address>0x418</run_address>
         <size>0x70</size>
         <input_file_ref idref="fl-2"/>
      </object_component>
      <object_component id="oc-ad">
         <name>.debug_line</name>
         <load_address>0x488</load_address>
         <run_address>0x488</run_address>
         <size>0x40</size>
         <input_file_ref idref="fl-3"/>
      </object_component>
      <object_component id="oc-6e">
         <name>.debug_line</name>
         <load_address>0x4c8</load_address>
         <run_address>0x4c8</run_address>
         <size>0x40</size>
         <input_file_ref idref="fl-3"/>
      </object_component>
      <object_component id="oc-68">
         <name>.debug_line</name>
         <load_address>0x508</load_address>
         <run_address>0x508</run_address>
         <size>0x71</size>
         <input_file_ref idref="fl-3"/>
      </object_component>
      <object_component id="oc-132">
         <name>.debug_line</name>
         <load_address>0x579</load_address>
         <run_address>0x579</run_address>
         <size>0x3b</size>
         <input_file_ref idref="fl-4"/>
      </object_component>
      <object_component id="oc-a9">
         <name>.debug_line</name>
         <load_address>0x5b4</load_address>
         <run_address>0x5b4</run_address>
         <size>0x121</size>
         <input_file_ref idref="fl-4"/>
      </object_component>
      <object_component id="oc-7f">
         <name>.debug_line</name>
         <load_address>0x6d5</load_address>
         <run_address>0x6d5</run_address>
         <size>0x20</size>
         <input_file_ref idref="fl-bf"/>
      </object_component>
      <object_component id="oc-1e">
         <name>.debug_line</name>
         <load_address>0x6f5</load_address>
         <run_address>0x6f5</run_address>
         <size>0x55</size>
         <input_file_ref idref="fl-bf"/>
      </object_component>
      <object_component id="oc-40">
         <name>.debug_line</name>
         <load_address>0x74a</load_address>
         <run_address>0x74a</run_address>
         <size>0x3a</size>
         <input_file_ref idref="fl-bf"/>
      </object_component>
      <object_component id="oc-7c">
         <name>.debug_line</name>
         <load_address>0x784</load_address>
         <run_address>0x784</run_address>
         <size>0x92</size>
         <input_file_ref idref="fl-bf"/>
      </object_component>
      <object_component id="oc-b9">
         <name>.debug_line</name>
         <load_address>0x816</load_address>
         <run_address>0x816</run_address>
         <size>0x20</size>
         <input_file_ref idref="fl-c0"/>
      </object_component>
      <object_component id="oc-1c">
         <name>.debug_line</name>
         <load_address>0x836</load_address>
         <run_address>0x836</run_address>
         <size>0xa9</size>
         <input_file_ref idref="fl-c0"/>
      </object_component>
      <object_component id="oc-30">
         <name>.debug_line</name>
         <load_address>0x8df</load_address>
         <run_address>0x8df</run_address>
         <size>0x3a</size>
         <input_file_ref idref="fl-c0"/>
      </object_component>
      <object_component id="oc-b6">
         <name>.debug_line</name>
         <load_address>0x919</load_address>
         <run_address>0x919</run_address>
         <size>0x9a</size>
         <input_file_ref idref="fl-c0"/>
      </object_component>
      <object_component id="oc-75">
         <name>.debug_line</name>
         <load_address>0x9b3</load_address>
         <run_address>0x9b3</run_address>
         <size>0x96</size>
         <input_file_ref idref="fl-c0"/>
      </object_component>
      <object_component id="oc-71">
         <name>.debug_line</name>
         <load_address>0xa49</load_address>
         <run_address>0xa49</run_address>
         <size>0x33</size>
         <input_file_ref idref="fl-c1"/>
      </object_component>
      <object_component id="oc-59">
         <name>.debug_line</name>
         <load_address>0xa7c</load_address>
         <run_address>0xa7c</run_address>
         <size>0x45</size>
         <input_file_ref idref="fl-c1"/>
      </object_component>
      <object_component id="oc-3b">
         <name>.debug_line</name>
         <load_address>0xac1</load_address>
         <run_address>0xac1</run_address>
         <size>0x88</size>
         <input_file_ref idref="fl-c2"/>
      </object_component>
      <object_component id="oc-14e">
         <name>.debug_line</name>
         <load_address>0xb49</load_address>
         <run_address>0xb49</run_address>
         <size>0xbf</size>
         <input_file_ref idref="fl-c4"/>
      </object_component>
      <object_component id="oc-d7">
         <name>.debug_line</name>
         <load_address>0xc08</load_address>
         <run_address>0xc08</run_address>
         <size>0x6f</size>
         <input_file_ref idref="fl-c4"/>
      </object_component>
      <object_component id="oc-152">
         <name>.debug_line</name>
         <load_address>0xc77</load_address>
         <run_address>0xc77</run_address>
         <size>0x2e</size>
         <input_file_ref idref="fl-c4"/>
      </object_component>
      <object_component id="oc-166">
         <name>.debug_line</name>
         <load_address>0xca5</load_address>
         <run_address>0xca5</run_address>
         <size>0x9a</size>
         <input_file_ref idref="fl-c4"/>
      </object_component>
      <object_component id="oc-157">
         <name>.debug_line</name>
         <load_address>0xd3f</load_address>
         <run_address>0xd3f</run_address>
         <size>0x97</size>
         <input_file_ref idref="fl-c4"/>
      </object_component>
      <object_component id="oc-15c">
         <name>.debug_line</name>
         <load_address>0xdd6</load_address>
         <run_address>0xdd6</run_address>
         <size>0x93</size>
         <input_file_ref idref="fl-c4"/>
      </object_component>
      <object_component id="oc-91">
         <name>.debug_line</name>
         <load_address>0xe69</load_address>
         <run_address>0xe69</run_address>
         <size>0x40</size>
         <input_file_ref idref="fl-c5"/>
      </object_component>
      <object_component id="oc-ca">
         <name>.debug_line</name>
         <load_address>0xea9</load_address>
         <run_address>0xea9</run_address>
         <size>0x3c</size>
         <input_file_ref idref="fl-c7"/>
      </object_component>
      <object_component id="oc-98">
         <name>.debug_frame</name>
         <load_address>0x0</load_address>
         <run_address>0x0</run_address>
         <size>0x19c</size>
         <input_file_ref idref="fl-2"/>
      </object_component>
      <object_component id="oc-6a">
         <name>.debug_frame</name>
         <load_address>0x19c</load_address>
         <run_address>0x19c</run_address>
         <size>0x6c</size>
         <input_file_ref idref="fl-3"/>
      </object_component>
      <object_component id="oc-aa">
         <name>.debug_frame</name>
         <load_address>0x208</load_address>
         <run_address>0x208</run_address>
         <size>0x70</size>
         <input_file_ref idref="fl-4"/>
      </object_component>
      <object_component id="oc-1f">
         <name>.debug_frame</name>
         <load_address>0x278</load_address>
         <run_address>0x278</run_address>
         <size>0x54</size>
         <input_file_ref idref="fl-bf"/>
      </object_component>
      <object_component id="oc-1b">
         <name>.debug_frame</name>
         <load_address>0x2cc</load_address>
         <run_address>0x2cc</run_address>
         <size>0x60</size>
         <input_file_ref idref="fl-c0"/>
      </object_component>
      <object_component id="oc-5a">
         <name>.debug_frame</name>
         <load_address>0x32c</load_address>
         <run_address>0x32c</run_address>
         <size>0x50</size>
         <input_file_ref idref="fl-c1"/>
      </object_component>
      <object_component id="oc-d6">
         <name>.debug_frame</name>
         <load_address>0x37c</load_address>
         <run_address>0x37c</run_address>
         <size>0x5c</size>
         <input_file_ref idref="fl-c4"/>
      </object_component>
      <object_component id="oc-92">
         <name>.debug_frame</name>
         <load_address>0x3d8</load_address>
         <run_address>0x3d8</run_address>
         <size>0x54</size>
         <input_file_ref idref="fl-c5"/>
      </object_component>
      <object_component id="oc-ce">
         <name>.debug_frame</name>
         <load_address>0x42c</load_address>
         <run_address>0x42c</run_address>
         <size>0x54</size>
         <input_file_ref idref="fl-c7"/>
      </object_component>
      <object_component id="oc-133">
         <name>.debug_abbrev</name>
         <load_address>0x0</load_address>
         <run_address>0x0</run_address>
         <size>0x71</size>
         <input_file_ref idref="fl-2"/>
      </object_component>
      <object_component id="oc-c3">
         <name>.debug_abbrev</name>
         <load_address>0x71</load_address>
         <run_address>0x71</run_address>
         <size>0xa9</size>
         <input_file_ref idref="fl-2"/>
      </object_component>
      <object_component id="oc-137">
         <name>.debug_abbrev</name>
         <load_address>0x11a</load_address>
         <run_address>0x11a</run_address>
         <size>0xbd</size>
         <input_file_ref idref="fl-2"/>
      </object_component>
      <object_component id="oc-b0">
         <name>.debug_abbrev</name>
         <load_address>0x1d7</load_address>
         <run_address>0x1d7</run_address>
         <size>0x69</size>
         <input_file_ref idref="fl-2"/>
      </object_component>
      <object_component id="oc-13c">
         <name>.debug_abbrev</name>
         <load_address>0x240</load_address>
         <run_address>0x240</run_address>
         <size>0x97</size>
         <input_file_ref idref="fl-2"/>
      </object_component>
      <object_component id="oc-34">
         <name>.debug_abbrev</name>
         <load_address>0x2d7</load_address>
         <run_address>0x2d7</run_address>
         <size>0x1f</size>
         <input_file_ref idref="fl-2"/>
      </object_component>
      <object_component id="oc-10d">
         <name>.debug_abbrev</name>
         <load_address>0x2f6</load_address>
         <run_address>0x2f6</run_address>
         <size>0x5c</size>
         <input_file_ref idref="fl-2"/>
      </object_component>
      <object_component id="oc-c6">
         <name>.debug_abbrev</name>
         <load_address>0x352</load_address>
         <run_address>0x352</run_address>
         <size>0x24</size>
         <input_file_ref idref="fl-2"/>
      </object_component>
      <object_component id="oc-ac">
         <name>.debug_abbrev</name>
         <load_address>0x376</load_address>
         <run_address>0x376</run_address>
         <size>0x7c</size>
         <input_file_ref idref="fl-3"/>
      </object_component>
      <object_component id="oc-6d">
         <name>.debug_abbrev</name>
         <load_address>0x3f2</load_address>
         <run_address>0x3f2</run_address>
         <size>0x29</size>
         <input_file_ref idref="fl-3"/>
      </object_component>
      <object_component id="oc-ab">
         <name>.debug_abbrev</name>
         <load_address>0x41b</load_address>
         <run_address>0x41b</run_address>
         <size>0x89</size>
         <input_file_ref idref="fl-3"/>
      </object_component>
      <object_component id="oc-131">
         <name>.debug_abbrev</name>
         <load_address>0x4a4</load_address>
         <run_address>0x4a4</run_address>
         <size>0x29</size>
         <input_file_ref idref="fl-4"/>
      </object_component>
      <object_component id="oc-10a">
         <name>.debug_abbrev</name>
         <load_address>0x4cd</load_address>
         <run_address>0x4cd</run_address>
         <size>0x8b</size>
         <input_file_ref idref="fl-4"/>
      </object_component>
      <object_component id="oc-7e">
         <name>.debug_abbrev</name>
         <load_address>0x558</load_address>
         <run_address>0x558</run_address>
         <size>0x37</size>
         <input_file_ref idref="fl-bf"/>
      </object_component>
      <object_component id="oc-3c">
         <name>.debug_abbrev</name>
         <load_address>0x58f</load_address>
         <run_address>0x58f</run_address>
         <size>0x74</size>
         <input_file_ref idref="fl-bf"/>
      </object_component>
      <object_component id="oc-3f">
         <name>.debug_abbrev</name>
         <load_address>0x603</load_address>
         <run_address>0x603</run_address>
         <size>0x24</size>
         <input_file_ref idref="fl-bf"/>
      </object_component>
      <object_component id="oc-7b">
         <name>.debug_abbrev</name>
         <load_address>0x627</load_address>
         <run_address>0x627</run_address>
         <size>0x24</size>
         <input_file_ref idref="fl-bf"/>
      </object_component>
      <object_component id="oc-b8">
         <name>.debug_abbrev</name>
         <load_address>0x64b</load_address>
         <run_address>0x64b</run_address>
         <size>0x37</size>
         <input_file_ref idref="fl-c0"/>
      </object_component>
      <object_component id="oc-2c">
         <name>.debug_abbrev</name>
         <load_address>0x682</load_address>
         <run_address>0x682</run_address>
         <size>0x6f</size>
         <input_file_ref idref="fl-c0"/>
      </object_component>
      <object_component id="oc-2f">
         <name>.debug_abbrev</name>
         <load_address>0x6f1</load_address>
         <run_address>0x6f1</run_address>
         <size>0x24</size>
         <input_file_ref idref="fl-c0"/>
      </object_component>
      <object_component id="oc-b5">
         <name>.debug_abbrev</name>
         <load_address>0x715</load_address>
         <run_address>0x715</run_address>
         <size>0x35</size>
         <input_file_ref idref="fl-c0"/>
      </object_component>
      <object_component id="oc-74">
         <name>.debug_abbrev</name>
         <load_address>0x74a</load_address>
         <run_address>0x74a</run_address>
         <size>0x24</size>
         <input_file_ref idref="fl-c0"/>
      </object_component>
      <object_component id="oc-70">
         <name>.debug_abbrev</name>
         <load_address>0x76e</load_address>
         <run_address>0x76e</run_address>
         <size>0x29</size>
         <input_file_ref idref="fl-c1"/>
      </object_component>
      <object_component id="oc-9c">
         <name>.debug_abbrev</name>
         <load_address>0x797</load_address>
         <run_address>0x797</run_address>
         <size>0x55</size>
         <input_file_ref idref="fl-c1"/>
      </object_component>
      <object_component id="oc-78">
         <name>.debug_abbrev</name>
         <load_address>0x7ec</load_address>
         <run_address>0x7ec</run_address>
         <size>0x3e</size>
         <input_file_ref idref="fl-c2"/>
      </object_component>
      <object_component id="oc-14d">
         <name>.debug_abbrev</name>
         <load_address>0x82a</load_address>
         <run_address>0x82a</run_address>
         <size>0xc0</size>
         <input_file_ref idref="fl-c4"/>
      </object_component>
      <object_component id="oc-11b">
         <name>.debug_abbrev</name>
         <load_address>0x8ea</load_address>
         <run_address>0x8ea</run_address>
         <size>0x7e</size>
         <input_file_ref idref="fl-c4"/>
      </object_component>
      <object_component id="oc-151">
         <name>.debug_abbrev</name>
         <load_address>0x968</load_address>
         <run_address>0x968</run_address>
         <size>0x24</size>
         <input_file_ref idref="fl-c4"/>
      </object_component>
      <object_component id="oc-165">
         <name>.debug_abbrev</name>
         <load_address>0x98c</load_address>
         <run_address>0x98c</run_address>
         <size>0x24</size>
         <input_file_ref idref="fl-c4"/>
      </object_component>
      <object_component id="oc-156">
         <name>.debug_abbrev</name>
         <load_address>0x9b0</load_address>
         <run_address>0x9b0</run_address>
         <size>0x24</size>
         <input_file_ref idref="fl-c4"/>
      </object_component>
      <object_component id="oc-15b">
         <name>.debug_abbrev</name>
         <load_address>0x9d4</load_address>
         <run_address>0x9d4</run_address>
         <size>0x4b</size>
         <input_file_ref idref="fl-c4"/>
      </object_component>
      <object_component id="oc-c2">
         <name>.debug_abbrev</name>
         <load_address>0xa1f</load_address>
         <run_address>0xa1f</run_address>
         <size>0x55</size>
         <input_file_ref idref="fl-c5"/>
      </object_component>
      <object_component id="oc-111">
         <name>.debug_abbrev</name>
         <load_address>0xa74</load_address>
         <run_address>0xa74</run_address>
         <size>0x45</size>
         <input_file_ref idref="fl-c7"/>
      </object_component>
      <object_component id="oc-1a4">
         <name>.debug_abbrev</name>
         <load_address>0xab9</load_address>
         <run_address>0xab9</run_address>
         <size>0xf</size>
      </object_component>
      <object_component id="oc-139">
         <name>.debug_str</name>
         <load_address>0x0</load_address>
         <run_address>0x0</run_address>
         <size>0x15c6</size>
         <input_file_ref idref="fl-2"/>
      </object_component>
      <object_component id="oc-b2">
         <name>.debug_str</name>
         <load_address>0x15c6</load_address>
         <run_address>0x15c6</run_address>
         <size>0x2ad</size>
         <input_file_ref idref="fl-2"/>
      </object_component>
      <object_component id="oc-13e">
         <name>.debug_str</name>
         <load_address>0x1873</load_address>
         <run_address>0x1873</run_address>
         <size>0x482</size>
         <input_file_ref idref="fl-2"/>
      </object_component>
      <object_component id="oc-36">
         <name>.debug_str</name>
         <load_address>0x1cf5</load_address>
         <run_address>0x1cf5</run_address>
         <size>0xfd</size>
         <input_file_ref idref="fl-2"/>
      </object_component>
      <object_component id="oc-10f">
         <name>.debug_str</name>
         <load_address>0x1df2</load_address>
         <run_address>0x1df2</run_address>
         <size>0x343</size>
         <input_file_ref idref="fl-2"/>
      </object_component>
      <object_component id="oc-c8">
         <name>.debug_str</name>
         <load_address>0x2135</load_address>
         <run_address>0x2135</run_address>
         <size>0x145</size>
         <input_file_ref idref="fl-2"/>
      </object_component>
      <object_component id="oc-41">
         <name>.debug_str</name>
         <load_address>0x227a</load_address>
         <run_address>0x227a</run_address>
         <size>0x10b</size>
         <input_file_ref idref="fl-bf"/>
      </object_component>
      <object_component id="oc-7d">
         <name>.debug_str</name>
         <load_address>0x2385</load_address>
         <run_address>0x2385</run_address>
         <size>0x140</size>
         <input_file_ref idref="fl-bf"/>
      </object_component>
      <object_component id="oc-31">
         <name>.debug_str</name>
         <load_address>0x24c5</load_address>
         <run_address>0x24c5</run_address>
         <size>0x118</size>
         <input_file_ref idref="fl-c0"/>
      </object_component>
      <object_component id="oc-b7">
         <name>.debug_str</name>
         <load_address>0x25dd</load_address>
         <run_address>0x25dd</run_address>
         <size>0x16b</size>
         <input_file_ref idref="fl-c0"/>
      </object_component>
      <object_component id="oc-76">
         <name>.debug_str</name>
         <load_address>0x2748</load_address>
         <run_address>0x2748</run_address>
         <size>0x158</size>
         <input_file_ref idref="fl-c0"/>
      </object_component>
      <object_component id="oc-153">
         <name>.debug_str</name>
         <load_address>0x28a0</load_address>
         <run_address>0x28a0</run_address>
         <size>0xed</size>
         <input_file_ref idref="fl-c4"/>
      </object_component>
      <object_component id="oc-167">
         <name>.debug_str</name>
         <load_address>0x298d</load_address>
         <run_address>0x298d</run_address>
         <size>0x157</size>
         <input_file_ref idref="fl-c4"/>
      </object_component>
      <object_component id="oc-158">
         <name>.debug_str</name>
         <load_address>0x2ae4</load_address>
         <run_address>0x2ae4</run_address>
         <size>0x150</size>
         <input_file_ref idref="fl-c4"/>
      </object_component>
      <object_component id="oc-15d">
         <name>.debug_str</name>
         <load_address>0x2c34</load_address>
         <run_address>0x2c34</run_address>
         <size>0x197</size>
         <input_file_ref idref="fl-c4"/>
      </object_component>
      <object_component id="oc-96">
         <name>.debug_aranges</name>
         <load_address>0x0</load_address>
         <run_address>0x0</run_address>
         <size>0x98</size>
         <input_file_ref idref="fl-2"/>
      </object_component>
      <object_component id="oc-69">
         <name>.debug_aranges</name>
         <load_address>0x98</load_address>
         <run_address>0x98</run_address>
         <size>0x28</size>
         <input_file_ref idref="fl-3"/>
      </object_component>
      <object_component id="oc-a8">
         <name>.debug_aranges</name>
         <load_address>0xc0</load_address>
         <run_address>0xc0</run_address>
         <size>0x28</size>
         <input_file_ref idref="fl-4"/>
      </object_component>
      <object_component id="oc-20">
         <name>.debug_aranges</name>
         <load_address>0xe8</load_address>
         <run_address>0xe8</run_address>
         <size>0x20</size>
         <input_file_ref idref="fl-bf"/>
      </object_component>
      <object_component id="oc-18">
         <name>.debug_aranges</name>
         <load_address>0x108</load_address>
         <run_address>0x108</run_address>
         <size>0x20</size>
         <input_file_ref idref="fl-c0"/>
      </object_component>
      <object_component id="oc-58">
         <name>.debug_aranges</name>
         <load_address>0x128</load_address>
         <run_address>0x128</run_address>
         <size>0x20</size>
         <input_file_ref idref="fl-c1"/>
      </object_component>
      <object_component id="oc-38">
         <name>.debug_aranges</name>
         <load_address>0x148</load_address>
         <run_address>0x148</run_address>
         <size>0x20</size>
         <input_file_ref idref="fl-c2"/>
      </object_component>
      <object_component id="oc-d9">
         <name>.debug_aranges</name>
         <load_address>0x168</load_address>
         <run_address>0x168</run_address>
         <size>0x20</size>
         <input_file_ref idref="fl-c4"/>
      </object_component>
      <object_component id="oc-8e">
         <name>.debug_aranges</name>
         <load_address>0x188</load_address>
         <run_address>0x188</run_address>
         <size>0x20</size>
         <input_file_ref idref="fl-c5"/>
      </object_component>
      <object_component id="oc-cd">
         <name>.debug_aranges</name>
         <load_address>0x1a8</load_address>
         <run_address>0x1a8</run_address>
         <size>0x20</size>
         <input_file_ref idref="fl-c7"/>
      </object_component>
      <object_component id="oc-95">
         <name>.debug_pubnames</name>
         <load_address>0x0</load_address>
         <run_address>0x0</run_address>
         <size>0x106</size>
         <input_file_ref idref="fl-2"/>
      </object_component>
      <object_component id="oc-28">
         <name>.debug_pubnames</name>
         <load_address>0x106</load_address>
         <run_address>0x106</run_address>
         <size>0x27</size>
         <input_file_ref idref="fl-3"/>
      </object_component>
      <object_component id="oc-6c">
         <name>.debug_pubnames</name>
         <load_address>0x12d</load_address>
         <run_address>0x12d</run_address>
         <size>0x38</size>
         <input_file_ref idref="fl-3"/>
      </object_component>
      <object_component id="oc-109">
         <name>.debug_pubnames</name>
         <load_address>0x165</load_address>
         <run_address>0x165</run_address>
         <size>0x26</size>
         <input_file_ref idref="fl-4"/>
      </object_component>
      <object_component id="oc-a7">
         <name>.debug_pubnames</name>
         <load_address>0x18b</load_address>
         <run_address>0x18b</run_address>
         <size>0x3b</size>
         <input_file_ref idref="fl-4"/>
      </object_component>
      <object_component id="oc-22">
         <name>.debug_pubnames</name>
         <load_address>0x1c6</load_address>
         <run_address>0x1c6</run_address>
         <size>0x2b</size>
         <input_file_ref idref="fl-bf"/>
      </object_component>
      <object_component id="oc-1a">
         <name>.debug_pubnames</name>
         <load_address>0x1f1</load_address>
         <run_address>0x1f1</run_address>
         <size>0x2b</size>
         <input_file_ref idref="fl-c0"/>
      </object_component>
      <object_component id="oc-2b">
         <name>.debug_pubnames</name>
         <load_address>0x21c</load_address>
         <run_address>0x21c</run_address>
         <size>0x1e</size>
         <input_file_ref idref="fl-c1"/>
      </object_component>
      <object_component id="oc-57">
         <name>.debug_pubnames</name>
         <load_address>0x23a</load_address>
         <run_address>0x23a</run_address>
         <size>0x26</size>
         <input_file_ref idref="fl-c1"/>
      </object_component>
      <object_component id="oc-3a">
         <name>.debug_pubnames</name>
         <load_address>0x260</load_address>
         <run_address>0x260</run_address>
         <size>0x1d</size>
         <input_file_ref idref="fl-c2"/>
      </object_component>
      <object_component id="oc-da">
         <name>.debug_pubnames</name>
         <load_address>0x27d</load_address>
         <run_address>0x27d</run_address>
         <size>0x35</size>
         <input_file_ref idref="fl-c4"/>
      </object_component>
      <object_component id="oc-90">
         <name>.debug_pubnames</name>
         <load_address>0x2b2</load_address>
         <run_address>0x2b2</run_address>
         <size>0x27</size>
         <input_file_ref idref="fl-c5"/>
      </object_component>
      <object_component id="oc-cc">
         <name>.debug_pubnames</name>
         <load_address>0x2d9</load_address>
         <run_address>0x2d9</run_address>
         <size>0x1c</size>
         <input_file_ref idref="fl-c7"/>
      </object_component>
      <object_component id="oc-136">
         <name>.debug_pubtypes</name>
         <load_address>0x0</load_address>
         <run_address>0x0</run_address>
         <size>0x2ce</size>
         <input_file_ref idref="fl-2"/>
      </object_component>
      <object_component id="oc-af">
         <name>.debug_pubtypes</name>
         <load_address>0x2ce</load_address>
         <run_address>0x2ce</run_address>
         <size>0x25c</size>
         <input_file_ref idref="fl-2"/>
      </object_component>
      <object_component id="oc-13b">
         <name>.debug_pubtypes</name>
         <load_address>0x52a</load_address>
         <run_address>0x52a</run_address>
         <size>0xdd</size>
         <input_file_ref idref="fl-2"/>
      </object_component>
      <object_component id="oc-33">
         <name>.debug_pubtypes</name>
         <load_address>0x607</load_address>
         <run_address>0x607</run_address>
         <size>0xed</size>
         <input_file_ref idref="fl-2"/>
      </object_component>
      <object_component id="oc-10c">
         <name>.debug_pubtypes</name>
         <load_address>0x6f4</load_address>
         <run_address>0x6f4</run_address>
         <size>0x330</size>
         <input_file_ref idref="fl-2"/>
      </object_component>
      <object_component id="oc-c5">
         <name>.debug_pubtypes</name>
         <load_address>0xa24</load_address>
         <run_address>0xa24</run_address>
         <size>0xaa</size>
         <input_file_ref idref="fl-2"/>
      </object_component>
      <object_component id="oc-3e">
         <name>.debug_pubtypes</name>
         <load_address>0xace</load_address>
         <run_address>0xace</run_address>
         <size>0x48</size>
         <input_file_ref idref="fl-bf"/>
      </object_component>
      <object_component id="oc-7a">
         <name>.debug_pubtypes</name>
         <load_address>0xb16</load_address>
         <run_address>0xb16</run_address>
         <size>0x1d</size>
         <input_file_ref idref="fl-bf"/>
      </object_component>
      <object_component id="oc-2e">
         <name>.debug_pubtypes</name>
         <load_address>0xb33</load_address>
         <run_address>0xb33</run_address>
         <size>0x5d</size>
         <input_file_ref idref="fl-c0"/>
      </object_component>
      <object_component id="oc-b4">
         <name>.debug_pubtypes</name>
         <load_address>0xb90</load_address>
         <run_address>0xb90</run_address>
         <size>0x48</size>
         <input_file_ref idref="fl-c0"/>
      </object_component>
      <object_component id="oc-73">
         <name>.debug_pubtypes</name>
         <load_address>0xbd8</load_address>
         <run_address>0xbd8</run_address>
         <size>0x35</size>
         <input_file_ref idref="fl-c0"/>
      </object_component>
      <object_component id="oc-150">
         <name>.debug_pubtypes</name>
         <load_address>0xc0d</load_address>
         <run_address>0xc0d</run_address>
         <size>0x32</size>
         <input_file_ref idref="fl-c4"/>
      </object_component>
      <object_component id="oc-164">
         <name>.debug_pubtypes</name>
         <load_address>0xc3f</load_address>
         <run_address>0xc3f</run_address>
         <size>0x30</size>
         <input_file_ref idref="fl-c4"/>
      </object_component>
      <object_component id="oc-155">
         <name>.debug_pubtypes</name>
         <load_address>0xc6f</load_address>
         <run_address>0xc6f</run_address>
         <size>0x2c</size>
         <input_file_ref idref="fl-c4"/>
      </object_component>
      <object_component id="oc-15a">
         <name>.debug_pubtypes</name>
         <load_address>0xc9b</load_address>
         <run_address>0xc9b</run_address>
         <size>0x50</size>
         <input_file_ref idref="fl-c4"/>
      </object_component>
   </object_component_list>
   <logical_group_list>
      <logical_group id="lg-3" display="no" color="cyan">
         <name>.intvecs</name>
         <load_address>0x0</load_address>
         <run_address>0x0</run_address>
         <size>0xe4</size>
         <contents>
            <object_component_ref idref="oc-26"/>
         </contents>
      </logical_group>
      <logical_group id="lg-4" display="no" color="cyan">
         <name>.text</name>
         <load_address>0xe4</load_address>
         <run_address>0xe4</run_address>
         <size>0x7f8</size>
         <contents>
            <object_component_ref idref="oc-93"/>
            <object_component_ref idref="oc-a5"/>
            <object_component_ref idref="oc-37"/>
            <object_component_ref idref="oc-17"/>
            <object_component_ref idref="oc-d5"/>
            <object_component_ref idref="oc-55"/>
            <object_component_ref idref="oc-1d"/>
            <object_component_ref idref="oc-67"/>
            <object_component_ref idref="oc-8d"/>
            <object_component_ref idref="oc-c9"/>
         </contents>
      </logical_group>
      <logical_group id="lg-5" display="no" color="cyan">
         <name>.const</name>
         <run_address>0x0</run_address>
         <size>0x0</size>
         <contents>
         </contents>
      </logical_group>
      <logical_group id="lg-6" display="no" color="cyan">
         <name>.cinit</name>
         <load_address>0x8e0</load_address>
         <run_address>0x8e0</run_address>
         <size>0x18</size>
         <contents>
            <object_component_ref idref="oc-1a0"/>
            <object_component_ref idref="oc-19e"/>
            <object_component_ref idref="oc-19f"/>
         </contents>
      </logical_group>
      <logical_group id="lg-7" display="no" color="cyan">
         <name>.pinit</name>
         <run_address>0x0</run_address>
         <size>0x0</size>
         <contents>
         </contents>
      </logical_group>
      <logical_group id="lg-8" display="no" color="cyan">
         <name>.init_array</name>
         <run_address>0x0</run_address>
         <size>0x0</size>
         <contents>
         </contents>
      </logical_group>
      <logical_group id="lg-9" display="no" color="cyan">
         <name>.binit</name>
         <load_address>0x0</load_address>
         <run_address>0x0</run_address>
         <size>0x0</size>
         <contents>
            <object_component_ref idref="oc-172"/>
         </contents>
      </logical_group>
      <logical_group id="lg-a" display="no" color="cyan">
         <name>.flashMailbox</name>
         <run_address>0x0</run_address>
         <size>0x0</size>
         <contents>
         </contents>
      </logical_group>
      <logical_group id="lg-b" display="no" color="cyan">
         <name>.tlvTable</name>
         <run_address>0x0</run_address>
         <size>0x0</size>
         <contents>
         </contents>
      </logical_group>
      <logical_group id="lg-c" display="no" color="cyan">
         <name>.bslArea</name>
         <run_address>0x0</run_address>
         <size>0x0</size>
         <contents>
         </contents>
      </logical_group>
      <logical_group id="lg-d" display="no" color="cyan">
         <name>.vtable</name>
         <run_address>0x0</run_address>
         <size>0x0</size>
         <contents>
         </contents>
      </logical_group>
      <logical_group id="lg-e" display="no" color="cyan">
         <name>.data</name>
         <run_address>0x20000000</run_address>
         <size>0x4</size>
         <contents>
            <object_component_ref idref="oc-107"/>
         </contents>
      </logical_group>
      <logical_group id="lg-f" display="no" color="cyan">
         <name>.bss</name>
         <run_address>0x0</run_address>
         <size>0x0</size>
         <contents>
         </contents>
      </logical_group>
      <logical_group id="lg-10" display="no" color="cyan">
         <name>.sysmem</name>
         <run_address>0x0</run_address>
         <size>0x0</size>
         <contents>
         </contents>
      </logical_group>
      <logical_group id="lg-11" display="no" color="cyan">
         <name>.stack</name>
         <run_address>0x2000fe00</run_address>
         <size>0x200</size>
         <contents>
            <object_component_ref idref="oc-29"/>
            <object_component_ref idref="oc-1a2"/>
         </contents>
      </logical_group>
      <logical_group id="lg-12" display="no" color="cyan">
         <name>.TI.ramfunc</name>
         <run_address>0x0</run_address>
         <size>0x0</size>
         <contents>
         </contents>
      </logical_group>
      <logical_group id="lg-16f" display="no" color="cyan">
         <name>.TI.noinit</name>
         <run_address>0x0</run_address>
         <size>0x0</size>
         <contents>
         </contents>
      </logical_group>
      <logical_group id="lg-170" display="no" color="cyan">
         <name>.TI.persistent</name>
         <run_address>0x0</run_address>
         <size>0x0</size>
         <contents>
         </contents>
      </logical_group>
      <logical_group id="lg-171" display="no" color="cyan">
         <name>__llvm_prf_cnts</name>
         <run_address>0x20000000</run_address>
         <size>0x0</size>
         <contents>
         </contents>
      </logical_group>
      <logical_group id="lg-186" display="never" color="cyan">
         <name>.debug_info</name>
         <load_address>0x0</load_address>
         <run_address>0x0</run_address>
         <size>0x7e87</size>
         <contents>
            <object_component_ref idref="oc-110"/>
            <object_component_ref idref="oc-94"/>
            <object_component_ref idref="oc-135"/>
            <object_component_ref idref="oc-ae"/>
            <object_component_ref idref="oc-13a"/>
            <object_component_ref idref="oc-32"/>
            <object_component_ref idref="oc-10b"/>
            <object_component_ref idref="oc-c4"/>
            <object_component_ref idref="oc-6f"/>
            <object_component_ref idref="oc-27"/>
            <object_component_ref idref="oc-6b"/>
            <object_component_ref idref="oc-108"/>
            <object_component_ref idref="oc-a6"/>
            <object_component_ref idref="oc-42"/>
            <object_component_ref idref="oc-21"/>
            <object_component_ref idref="oc-3d"/>
            <object_component_ref idref="oc-79"/>
            <object_component_ref idref="oc-77"/>
            <object_component_ref idref="oc-19"/>
            <object_component_ref idref="oc-2d"/>
            <object_component_ref idref="oc-b3"/>
            <object_component_ref idref="oc-72"/>
            <object_component_ref idref="oc-2a"/>
            <object_component_ref idref="oc-56"/>
            <object_component_ref idref="oc-39"/>
            <object_component_ref idref="oc-11c"/>
            <object_component_ref idref="oc-d8"/>
            <object_component_ref idref="oc-14f"/>
            <object_component_ref idref="oc-163"/>
            <object_component_ref idref="oc-154"/>
            <object_component_ref idref="oc-159"/>
            <object_component_ref idref="oc-8f"/>
            <object_component_ref idref="oc-cb"/>
            <object_component_ref idref="oc-1a3"/>
         </contents>
      </logical_group>
      <logical_group id="lg-188" display="never" color="cyan">
         <name>.debug_line</name>
         <load_address>0x0</load_address>
         <run_address>0x0</run_address>
         <size>0xee5</size>
         <contents>
            <object_component_ref idref="oc-134"/>
            <object_component_ref idref="oc-97"/>
            <object_component_ref idref="oc-138"/>
            <object_component_ref idref="oc-b1"/>
            <object_component_ref idref="oc-13d"/>
            <object_component_ref idref="oc-35"/>
            <object_component_ref idref="oc-10e"/>
            <object_component_ref idref="oc-c7"/>
            <object_component_ref idref="oc-ad"/>
            <object_component_ref idref="oc-6e"/>
            <object_component_ref idref="oc-68"/>
            <object_component_ref idref="oc-132"/>
            <object_component_ref idref="oc-a9"/>
            <object_component_ref idref="oc-7f"/>
            <object_component_ref idref="oc-1e"/>
            <object_component_ref idref="oc-40"/>
            <object_component_ref idref="oc-7c"/>
            <object_component_ref idref="oc-b9"/>
            <object_component_ref idref="oc-1c"/>
            <object_component_ref idref="oc-30"/>
            <object_component_ref idref="oc-b6"/>
            <object_component_ref idref="oc-75"/>
            <object_component_ref idref="oc-71"/>
            <object_component_ref idref="oc-59"/>
            <object_component_ref idref="oc-3b"/>
            <object_component_ref idref="oc-14e"/>
            <object_component_ref idref="oc-d7"/>
            <object_component_ref idref="oc-152"/>
            <object_component_ref idref="oc-166"/>
            <object_component_ref idref="oc-157"/>
            <object_component_ref idref="oc-15c"/>
            <object_component_ref idref="oc-91"/>
            <object_component_ref idref="oc-ca"/>
         </contents>
      </logical_group>
      <logical_group id="lg-18a" display="never" color="cyan">
         <name>.debug_frame</name>
         <load_address>0x0</load_address>
         <run_address>0x0</run_address>
         <size>0x480</size>
         <contents>
            <object_component_ref idref="oc-98"/>
            <object_component_ref idref="oc-6a"/>
            <object_component_ref idref="oc-aa"/>
            <object_component_ref idref="oc-1f"/>
            <object_component_ref idref="oc-1b"/>
            <object_component_ref idref="oc-5a"/>
            <object_component_ref idref="oc-d6"/>
            <object_component_ref idref="oc-92"/>
            <object_component_ref idref="oc-ce"/>
         </contents>
      </logical_group>
      <logical_group id="lg-18c" display="never" color="cyan">
         <name>.debug_abbrev</name>
         <load_address>0x0</load_address>
         <run_address>0x0</run_address>
         <size>0xac8</size>
         <contents>
            <object_component_ref idref="oc-133"/>
            <object_component_ref idref="oc-c3"/>
            <object_component_ref idref="oc-137"/>
            <object_component_ref idref="oc-b0"/>
            <object_component_ref idref="oc-13c"/>
            <object_component_ref idref="oc-34"/>
            <object_component_ref idref="oc-10d"/>
            <object_component_ref idref="oc-c6"/>
            <object_component_ref idref="oc-ac"/>
            <object_component_ref idref="oc-6d"/>
            <object_component_ref idref="oc-ab"/>
            <object_component_ref idref="oc-131"/>
            <object_component_ref idref="oc-10a"/>
            <object_component_ref idref="oc-7e"/>
            <object_component_ref idref="oc-3c"/>
            <object_component_ref idref="oc-3f"/>
            <object_component_ref idref="oc-7b"/>
            <object_component_ref idref="oc-b8"/>
            <object_component_ref idref="oc-2c"/>
            <object_component_ref idref="oc-2f"/>
            <object_component_ref idref="oc-b5"/>
            <object_component_ref idref="oc-74"/>
            <object_component_ref idref="oc-70"/>
            <object_component_ref idref="oc-9c"/>
            <object_component_ref idref="oc-78"/>
            <object_component_ref idref="oc-14d"/>
            <object_component_ref idref="oc-11b"/>
            <object_component_ref idref="oc-151"/>
            <object_component_ref idref="oc-165"/>
            <object_component_ref idref="oc-156"/>
            <object_component_ref idref="oc-15b"/>
            <object_component_ref idref="oc-c2"/>
            <object_component_ref idref="oc-111"/>
            <object_component_ref idref="oc-1a4"/>
         </contents>
      </logical_group>
      <logical_group id="lg-18e" display="never" color="cyan">
         <name>.debug_str</name>
         <load_address>0x0</load_address>
         <run_address>0x0</run_address>
         <size>0x2dcb</size>
         <contents>
            <object_component_ref idref="oc-139"/>
            <object_component_ref idref="oc-b2"/>
            <object_component_ref idref="oc-13e"/>
            <object_component_ref idref="oc-36"/>
            <object_component_ref idref="oc-10f"/>
            <object_component_ref idref="oc-c8"/>
            <object_component_ref idref="oc-41"/>
            <object_component_ref idref="oc-7d"/>
            <object_component_ref idref="oc-31"/>
            <object_component_ref idref="oc-b7"/>
            <object_component_ref idref="oc-76"/>
            <object_component_ref idref="oc-153"/>
            <object_component_ref idref="oc-167"/>
            <object_component_ref idref="oc-158"/>
            <object_component_ref idref="oc-15d"/>
         </contents>
      </logical_group>
      <logical_group id="lg-190" display="never" color="cyan">
         <name>.debug_aranges</name>
         <load_address>0x0</load_address>
         <run_address>0x0</run_address>
         <size>0x1c8</size>
         <contents>
            <object_component_ref idref="oc-96"/>
            <object_component_ref idref="oc-69"/>
            <object_component_ref idref="oc-a8"/>
            <object_component_ref idref="oc-20"/>
            <object_component_ref idref="oc-18"/>
            <object_component_ref idref="oc-58"/>
            <object_component_ref idref="oc-38"/>
            <object_component_ref idref="oc-d9"/>
            <object_component_ref idref="oc-8e"/>
            <object_component_ref idref="oc-cd"/>
         </contents>
      </logical_group>
      <logical_group id="lg-192" display="never" color="cyan">
         <name>.debug_pubnames</name>
         <load_address>0x0</load_address>
         <run_address>0x0</run_address>
         <size>0x2f5</size>
         <contents>
            <object_component_ref idref="oc-95"/>
            <object_component_ref idref="oc-28"/>
            <object_component_ref idref="oc-6c"/>
            <object_component_ref idref="oc-109"/>
            <object_component_ref idref="oc-a7"/>
            <object_component_ref idref="oc-22"/>
            <object_component_ref idref="oc-1a"/>
            <object_component_ref idref="oc-2b"/>
            <object_component_ref idref="oc-57"/>
            <object_component_ref idref="oc-3a"/>
            <object_component_ref idref="oc-da"/>
            <object_component_ref idref="oc-90"/>
            <object_component_ref idref="oc-cc"/>
         </contents>
      </logical_group>
      <logical_group id="lg-194" display="never" color="cyan">
         <name>.debug_pubtypes</name>
         <load_address>0x0</load_address>
         <run_address>0x0</run_address>
         <size>0xceb</size>
         <contents>
            <object_component_ref idref="oc-136"/>
            <object_component_ref idref="oc-af"/>
            <object_component_ref idref="oc-13b"/>
            <object_component_ref idref="oc-33"/>
            <object_component_ref idref="oc-10c"/>
            <object_component_ref idref="oc-c5"/>
            <object_component_ref idref="oc-3e"/>
            <object_component_ref idref="oc-7a"/>
            <object_component_ref idref="oc-2e"/>
            <object_component_ref idref="oc-b4"/>
            <object_component_ref idref="oc-73"/>
            <object_component_ref idref="oc-150"/>
            <object_component_ref idref="oc-164"/>
            <object_component_ref idref="oc-155"/>
            <object_component_ref idref="oc-15a"/>
         </contents>
      </logical_group>
      <logical_group id="lg-1a1" display="no" color="cyan">
         <name>Veneer$$CMSE</name>
         <run_address>0x0</run_address>
         <size>0x0</size>
         <contents>
         </contents>
      </logical_group>
      <load_segment id="lg-1a5" display="no" color="cyan">
         <name>SEGMENT_0</name>
         <load_address>0x0</load_address>
         <run_address>0x0</run_address>
         <size>0x8f8</size>
         <flags>0x5</flags>
         <contents>
            <logical_group_ref idref="lg-3"/>
            <logical_group_ref idref="lg-4"/>
            <logical_group_ref idref="lg-6"/>
         </contents>
      </load_segment>
      <load_segment id="lg-1a6" display="no" color="cyan">
         <name>SEGMENT_1</name>
         <run_address>0x20000000</run_address>
         <size>0x4</size>
         <flags>0x6</flags>
         <contents>
            <logical_group_ref idref="lg-e"/>
         </contents>
      </load_segment>
      <load_segment id="lg-1a7" display="no" color="cyan">
         <name>SEGMENT_2</name>
         <run_address>0x2000fe00</run_address>
         <size>0x200</size>
         <flags>0x6</flags>
         <contents>
            <logical_group_ref idref="lg-11"/>
         </contents>
      </load_segment>
   </logical_group_list>
   <placement_map>
      <memory_area display="yes" color="green">
         <name>MAIN</name>
         <page_id>0x0</page_id>
         <origin>0x0</origin>
         <length>0x40000</length>
         <used_space>0x8f4</used_space>
         <unused_space>0x3f70c</unused_space>
         <attributes>RX</attributes>
         <usage_details>
            <allocated_space>
               <start_address>0x0</start_address>
               <size>0x0</size>
               <logical_group_ref idref="lg-9"/>
            </allocated_space>
            <allocated_space>
               <start_address>0x0</start_address>
               <size>0xe4</size>
               <logical_group_ref idref="lg-3"/>
            </allocated_space>
            <allocated_space>
               <start_address>0xe4</start_address>
               <size>0x7f8</size>
               <logical_group_ref idref="lg-4"/>
            </allocated_space>
            <available_space>
               <start_address>0x8dc</start_address>
               <size>0x4</size>
            </available_space>
            <allocated_space>
               <start_address>0x8e0</start_address>
               <size>0x18</size>
               <logical_group_ref idref="lg-6"/>
            </allocated_space>
            <available_space>
               <start_address>0x8f8</start_address>
               <size>0x3f708</size>
            </available_space>
         </usage_details>
      </memory_area>
      <memory_area display="yes" color="green">
         <name>INFO</name>
         <page_id>0x0</page_id>
         <origin>0x200000</origin>
         <length>0x4000</length>
         <used_space>0x0</used_space>
         <unused_space>0x4000</unused_space>
         <attributes>RX</attributes>
         <usage_details>
         </usage_details>
      </memory_area>
      <memory_area display="yes" color="green">
         <name>SRAM_CODE</name>
         <page_id>0x0</page_id>
         <origin>0x1000000</origin>
         <length>0x10000</length>
         <used_space>0x204</used_space>
         <unused_space>0xfdfc</unused_space>
         <attributes>RWX</attributes>
         <usage_details>
            <allocated_space>
               <start_address>0x1000000</start_address>
               <size>0x0</size>
               <logical_group_ref idref="lg-171"/>
            </allocated_space>
            <allocated_space>
               <start_address>0x1000000</start_address>
               <size>0x4</size>
               <logical_group_ref idref="lg-e"/>
            </allocated_space>
            <available_space>
               <start_address>0x1000004</start_address>
               <size>0xfdfc</size>
            </available_space>
            <allocated_space>
               <start_address>0x100fe00</start_address>
               <size>0x200</size>
               <logical_group_ref idref="lg-11"/>
            </allocated_space>
         </usage_details>
      </memory_area>
      <memory_area display="yes" color="green">
         <name>SRAM_DATA</name>
         <page_id>0x0</page_id>
         <origin>0x20000000</origin>
         <length>0x10000</length>
         <used_space>0x204</used_space>
         <unused_space>0xfdfc</unused_space>
         <attributes>RW</attributes>
         <usage_details>
            <allocated_space>
               <start_address>0x20000000</start_address>
               <size>0x0</size>
               <logical_group_ref idref="lg-171"/>
            </allocated_space>
            <allocated_space>
               <start_address>0x20000000</start_address>
               <size>0x4</size>
               <logical_group_ref idref="lg-e"/>
            </allocated_space>
            <available_space>
               <start_address>0x20000004</start_address>
               <size>0xfdfc</size>
            </available_space>
            <allocated_space>
               <start_address>0x2000fe00</start_address>
               <size>0x200</size>
               <logical_group_ref idref="lg-11"/>
            </allocated_space>
         </usage_details>
      </memory_area>
   </placement_map>
   <cptbl_list>
      <cptbl>
         <name>__TI_cinit_table</name>
         <cprec>
            <name>.data</name>
            <load_address>0x8e0</load_address>
            <load_size>0x8</load_size>
            <run_address>0x20000000</run_address>
            <run_size>0x4</run_size>
            <compression>lzss</compression>
         </cprec>
      </cptbl>
   </cptbl_list>
   <handler_table>
      <handler_table_name>__TI_handler_table</handler_table_name>
      <handler>
         <index>0x0</index>
         <name>__TI_decompress_lzss</name>
      </handler>
      <handler>
         <index>0x1</index>
         <name>__TI_decompress_none</name>
      </handler>
   </handler_table>
   <symbol_table>
      <symbol id="sm-1">
         <name>WDTCTL_SYM</name>
         <value>0x4000480c</value>
      </symbol>
      <symbol id="sm-2">
         <name>__start___llvm_prf_cnts</name>
         <value>0x20000000</value>
      </symbol>
      <symbol id="sm-3">
         <name>__stop___llvm_prf_cnts</name>
         <value>0x20000000</value>
      </symbol>
      <symbol id="sm-4">
         <name>__TI_CINIT_Base</name>
         <value>0x8f0</value>
      </symbol>
      <symbol id="sm-5">
         <name>__TI_CINIT_Limit</name>
         <value>0x8f8</value>
      </symbol>
      <symbol id="sm-6">
         <name>__TI_Handler_Table_Base</name>
         <value>0x8e8</value>
      </symbol>
      <symbol id="sm-7">
         <name>__TI_Handler_Table_Limit</name>
         <value>0x8f0</value>
      </symbol>
      <symbol id="sm-8">
         <name>binit</name>
         <value>0xffffffff</value>
      </symbol>
      <symbol id="sm-9">
         <name>__binit__</name>
         <value>0xffffffff</value>
      </symbol>
      <symbol id="sm-a">
         <name>__STACK_SIZE</name>
         <value>0x200</value>
      </symbol>
      <symbol id="sm-b">
         <name>__STACK_END</name>
         <value>0x20010000</value>
      </symbol>
      <symbol id="sm-c">
         <name>__c_args__</name>
         <value>0xffffffff</value>
      </symbol>
      <symbol id="sm-d">
         <name>__TI_pprof_out_hndl</name>
         <value>0xffffffff</value>
      </symbol>
      <symbol id="sm-e">
         <name>__TI_prof_data_start</name>
         <value>0xffffffff</value>
      </symbol>
      <symbol id="sm-f">
         <name>__TI_prof_data_size</name>
         <value>0xffffffff</value>
      </symbol>
      <symbol id="sm-8a">
         <name>Port1_Output</name>
         <value>0x12f</value>
         <object_component_ref idref="oc-93"/>
      </symbol>
      <symbol id="sm-8b">
         <name>Port2_Init2</name>
         <value>0x229</value>
         <object_component_ref idref="oc-93"/>
      </symbol>
      <symbol id="sm-8c">
         <name>Switch_Init</name>
         <value>0x2dd</value>
         <object_component_ref idref="oc-93"/>
      </symbol>
      <symbol id="sm-8d">
         <name>Port2_Output</name>
         <value>0x14d</value>
         <object_component_ref idref="oc-93"/>
      </symbol>
      <symbol id="sm-8e">
         <name>Port2_Output2</name>
         <value>0x25d</value>
         <object_component_ref idref="oc-93"/>
      </symbol>
      <symbol id="sm-8f">
         <name>RedLED_Init</name>
         <value>0x311</value>
         <object_component_ref idref="oc-93"/>
      </symbol>
      <symbol id="sm-90">
         <name>Port1_Init</name>
         <value>0xe5</value>
         <object_component_ref idref="oc-93"/>
      </symbol>
      <symbol id="sm-91">
         <name>Port2_Init</name>
         <value>0x10f</value>
         <object_component_ref idref="oc-93"/>
      </symbol>
      <symbol id="sm-92">
         <name>Port1_Input</name>
         <value>0x105</value>
         <object_component_ref idref="oc-93"/>
      </symbol>
      <symbol id="sm-93">
         <name>main</name>
         <value>0x161</value>
         <object_component_ref idref="oc-93"/>
      </symbol>
      <symbol id="sm-94">
         <name>ColorLED_Init</name>
         <value>0x331</value>
         <object_component_ref idref="oc-93"/>
      </symbol>
      <symbol id="sm-95">
         <name>main3</name>
         <value>0x365</value>
         <object_component_ref idref="oc-93"/>
      </symbol>
      <symbol id="sm-96">
         <name>main2</name>
         <value>0x27b</value>
         <object_component_ref idref="oc-93"/>
      </symbol>
      <symbol id="sm-97">
         <name>Port1_Input2</name>
         <value>0x201</value>
         <object_component_ref idref="oc-93"/>
      </symbol>
      <symbol id="sm-98">
         <name>Port1_Init2</name>
         <value>0x1c3</value>
         <object_component_ref idref="oc-93"/>
      </symbol>
      <symbol id="sm-99">
         <name>Port1_Output2</name>
         <value>0x20b</value>
         <object_component_ref idref="oc-93"/>
      </symbol>
      <symbol id="sm-ae">
         <name>Reset_Handler</name>
         <value>0x8c7</value>
         <object_component_ref idref="oc-67"/>
      </symbol>
      <symbol id="sm-af">
         <name>Default_Handler</name>
         <value>0x8d3</value>
         <object_component_ref idref="oc-67"/>
      </symbol>
      <symbol id="sm-b0">
         <name>interruptVectors</name>
         <value>0x0</value>
         <object_component_ref idref="oc-26"/>
      </symbol>
      <symbol id="sm-f6">
         <name>SystemInit</name>
         <value>0x685</value>
         <object_component_ref idref="oc-a5"/>
      </symbol>
      <symbol id="sm-f7">
         <name>SystemCoreClockUpdate</name>
         <value>0x411</value>
         <object_component_ref idref="oc-a5"/>
      </symbol>
      <symbol id="sm-f8">
         <name>SystemCoreClock</name>
         <value>0x20000000</value>
         <object_component_ref idref="oc-107"/>
      </symbol>
      <symbol id="sm-110">
         <name>__TI_decompress_none</name>
         <value>0x8b9</value>
         <object_component_ref idref="oc-1d"/>
      </symbol>
      <symbol id="sm-133">
         <name>__TI_decompress_lzss</name>
         <value>0x7d9</value>
         <object_component_ref idref="oc-17"/>
      </symbol>
      <symbol id="sm-146">
         <name>__stack</name>
         <value>0x2000fe00</value>
         <object_component_ref idref="oc-29"/>
      </symbol>
      <symbol id="sm-147">
         <name>_c_int00_noargs</name>
         <value>0x885</value>
         <object_component_ref idref="oc-55"/>
      </symbol>
      <symbol id="sm-162">
         <name>memcpy</name>
         <value>0x73d</value>
         <object_component_ref idref="oc-37"/>
      </symbol>
      <symbol id="sm-163">
         <name>__aeabi_memcpy</name>
         <value>0x73d</value>
         <object_component_ref idref="oc-37"/>
      </symbol>
      <symbol id="sm-164">
         <name>__aeabi_memcpy8</name>
         <value>0x73d</value>
         <object_component_ref idref="oc-37"/>
      </symbol>
      <symbol id="sm-165">
         <name>__aeabi_memcpy4</name>
         <value>0x73d</value>
         <object_component_ref idref="oc-37"/>
      </symbol>
      <symbol id="sm-18e">
         <name>__TI_auto_init_nobinit_nopinit</name>
         <value>0x841</value>
         <object_component_ref idref="oc-d5"/>
      </symbol>
      <symbol id="sm-198">
         <name>_system_pre_init</name>
         <value>0x8d5</value>
         <object_component_ref idref="oc-8d"/>
      </symbol>
      <symbol id="sm-1a4">
         <name>C$$EXIT</name>
         <value>0x8d9</value>
         <object_component_ref idref="oc-c9"/>
      </symbol>
      <symbol id="sm-1a5">
         <name>abort</name>
         <value>0x8d9</value>
         <object_component_ref idref="oc-c9"/>
      </symbol>
      <symbol id="sm-1a8">
         <name>__TI_static_base__</name>
         <value>0x0</value>
      </symbol>
      <symbol id="sm-1ab">
         <name>__mpu_init</name>
         <value>0x0</value>
      </symbol>
      <symbol id="sm-1ac">
         <name>_system_post_cinit</name>
         <value>0x0</value>
      </symbol>
      <symbol id="sm-1ad">
         <name>NMI_Handler</name>
         <value>0x8d3</value>
      </symbol>
      <symbol id="sm-1ae">
         <name>HardFault_Handler</name>
         <value>0x8d3</value>
      </symbol>
      <symbol id="sm-1af">
         <name>MemManage_Handler</name>
         <value>0x8d3</value>
      </symbol>
      <symbol id="sm-1b0">
         <name>BusFault_Handler</name>
         <value>0x8d3</value>
      </symbol>
      <symbol id="sm-1b1">
         <name>UsageFault_Handler</name>
         <value>0x8d3</value>
      </symbol>
      <symbol id="sm-1b2">
         <name>SVC_Handler</name>
         <value>0x8d3</value>
      </symbol>
      <symbol id="sm-1b3">
         <name>DebugMon_Handler</name>
         <value>0x8d3</value>
      </symbol>
      <symbol id="sm-1b4">
         <name>PendSV_Handler</name>
         <value>0x8d3</value>
      </symbol>
      <symbol id="sm-1b5">
         <name>SysTick_Handler</name>
         <value>0x8d3</value>
      </symbol>
      <symbol id="sm-1b6">
         <name>PSS_IRQHandler</name>
         <value>0x8d3</value>
      </symbol>
      <symbol id="sm-1b7">
         <name>CS_IRQHandler</name>
         <value>0x8d3</value>
      </symbol>
      <symbol id="sm-1b8">
         <name>PCM_IRQHandler</name>
         <value>0x8d3</value>
      </symbol>
      <symbol id="sm-1b9">
         <name>WDT_A_IRQHandler</name>
         <value>0x8d3</value>
      </symbol>
      <symbol id="sm-1ba">
         <name>FPU_IRQHandler</name>
         <value>0x8d3</value>
      </symbol>
      <symbol id="sm-1bb">
         <name>FLCTL_IRQHandler</name>
         <value>0x8d3</value>
      </symbol>
      <symbol id="sm-1bc">
         <name>COMP_E0_IRQHandler</name>
         <value>0x8d3</value>
      </symbol>
      <symbol id="sm-1bd">
         <name>COMP_E1_IRQHandler</name>
         <value>0x8d3</value>
      </symbol>
      <symbol id="sm-1be">
         <name>TA0_0_IRQHandler</name>
         <value>0x8d3</value>
      </symbol>
      <symbol id="sm-1bf">
         <name>TA0_N_IRQHandler</name>
         <value>0x8d3</value>
      </symbol>
      <symbol id="sm-1c0">
         <name>TA1_0_IRQHandler</name>
         <value>0x8d3</value>
      </symbol>
      <symbol id="sm-1c1">
         <name>TA1_N_IRQHandler</name>
         <value>0x8d3</value>
      </symbol>
      <symbol id="sm-1c2">
         <name>TA2_0_IRQHandler</name>
         <value>0x8d3</value>
      </symbol>
      <symbol id="sm-1c3">
         <name>TA2_N_IRQHandler</name>
         <value>0x8d3</value>
      </symbol>
      <symbol id="sm-1c4">
         <name>TA3_0_IRQHandler</name>
         <value>0x8d3</value>
      </symbol>
      <symbol id="sm-1c5">
         <name>TA3_N_IRQHandler</name>
         <value>0x8d3</value>
      </symbol>
      <symbol id="sm-1c6">
         <name>EUSCIA0_IRQHandler</name>
         <value>0x8d3</value>
      </symbol>
      <symbol id="sm-1c7">
         <name>EUSCIA1_IRQHandler</name>
         <value>0x8d3</value>
      </symbol>
      <symbol id="sm-1c8">
         <name>EUSCIA2_IRQHandler</name>
         <value>0x8d3</value>
      </symbol>
      <symbol id="sm-1c9">
         <name>EUSCIA3_IRQHandler</name>
         <value>0x8d3</value>
      </symbol>
      <symbol id="sm-1ca">
         <name>EUSCIB0_IRQHandler</name>
         <value>0x8d3</value>
      </symbol>
      <symbol id="sm-1cb">
         <name>EUSCIB1_IRQHandler</name>
         <value>0x8d3</value>
      </symbol>
      <symbol id="sm-1cc">
         <name>EUSCIB2_IRQHandler</name>
         <value>0x8d3</value>
      </symbol>
      <symbol id="sm-1cd">
         <name>EUSCIB3_IRQHandler</name>
         <value>0x8d3</value>
      </symbol>
      <symbol id="sm-1ce">
         <name>ADC14_IRQHandler</name>
         <value>0x8d3</value>
      </symbol>
      <symbol id="sm-1cf">
         <name>T32_INT1_IRQHandler</name>
         <value>0x8d3</value>
      </symbol>
      <symbol id="sm-1d0">
         <name>T32_INT2_IRQHandler</name>
         <value>0x8d3</value>
      </symbol>
      <symbol id="sm-1d1">
         <name>T32_INTC_IRQHandler</name>
         <value>0x8d3</value>
      </symbol>
      <symbol id="sm-1d2">
         <name>AES256_IRQHandler</name>
         <value>0x8d3</value>
      </symbol>
      <symbol id="sm-1d3">
         <name>RTC_C_IRQHandler</name>
         <value>0x8d3</value>
      </symbol>
      <symbol id="sm-1d4">
         <name>DMA_ERR_IRQHandler</name>
         <value>0x8d3</value>
      </symbol>
      <symbol id="sm-1d5">
         <name>DMA_INT3_IRQHandler</name>
         <value>0x8d3</value>
      </symbol>
      <symbol id="sm-1d6">
         <name>DMA_INT2_IRQHandler</name>
         <value>0x8d3</value>
      </symbol>
      <symbol id="sm-1d7">
         <name>DMA_INT1_IRQHandler</name>
         <value>0x8d3</value>
      </symbol>
      <symbol id="sm-1d8">
         <name>DMA_INT0_IRQHandler</name>
         <value>0x8d3</value>
      </symbol>
      <symbol id="sm-1d9">
         <name>PORT1_IRQHandler</name>
         <value>0x8d3</value>
      </symbol>
      <symbol id="sm-1da">
         <name>PORT2_IRQHandler</name>
         <value>0x8d3</value>
      </symbol>
      <symbol id="sm-1db">
         <name>PORT3_IRQHandler</name>
         <value>0x8d3</value>
      </symbol>
      <symbol id="sm-1dc">
         <name>PORT4_IRQHandler</name>
         <value>0x8d3</value>
      </symbol>
      <symbol id="sm-1dd">
         <name>PORT5_IRQHandler</name>
         <value>0x8d3</value>
      </symbol>
      <symbol id="sm-1de">
         <name>PORT6_IRQHandler</name>
         <value>0x8d3</value>
      </symbol>
   </symbol_table>
   <title>Link successful</title>
</link_info>
