<?xml version="1.0" encoding="ISO-8859-1" ?>
<link_info>
   <banner>TI ARM Linker PC v20.2.5.LTS</banner>
   <copyright>Copyright (c) 1996-2018 Texas Instruments Incorporated</copyright>
   <link_time>0x61f03ce4</link_time>
   <link_errors>0x0</link_errors>
   <output_file>Lab3.out</output_file>
   <entry_point>
      <name>_c_int00_noargs</name>
      <address>0x871</address>
   </entry_point>
   <input_file_list>
      <input_file id="fl-2">
         <path>.\</path>
         <kind>object</kind>
         <file>Lab3_main.obj</file>
         <name>Lab3_main.obj</name>
      </input_file>
      <input_file id="fl-3">
         <path>.\</path>
         <kind>object</kind>
         <file>startup_msp432p401r_ccs.obj</file>
         <name>startup_msp432p401r_ccs.obj</name>
      </input_file>
      <input_file id="fl-4">
         <path>.\</path>
         <kind>object</kind>
         <file>system_msp432p401r.obj</file>
         <name>system_msp432p401r.obj</name>
      </input_file>
      <input_file id="fl-8">
         <kind>object</kind>
         <file>&lt;internal&gt;</file>
         <name>&lt;internal&gt;</name>
      </input_file>
      <input_file id="fl-be">
         <path>C:\ti\ccs1040\ccs\tools\compiler\ti-cgt-arm_20.2.5.LTS\lib\</path>
         <kind>archive</kind>
         <file>rtsv7M4_T_le_v4SPD16_eabi.lib</file>
         <name>copy_zero_init.c.obj</name>
      </input_file>
      <input_file id="fl-bf">
         <path>C:\ti\ccs1040\ccs\tools\compiler\ti-cgt-arm_20.2.5.LTS\lib\</path>
         <kind>archive</kind>
         <file>rtsv7M4_T_le_v4SPD16_eabi.lib</file>
         <name>copy_decompress_none.c.obj</name>
      </input_file>
      <input_file id="fl-c0">
         <path>C:\ti\ccs1040\ccs\tools\compiler\ti-cgt-arm_20.2.5.LTS\lib\</path>
         <kind>archive</kind>
         <file>rtsv7M4_T_le_v4SPD16_eabi.lib</file>
         <name>copy_decompress_lzss.c.obj</name>
      </input_file>
      <input_file id="fl-c1">
         <path>C:\ti\ccs1040\ccs\tools\compiler\ti-cgt-arm_20.2.5.LTS\lib\</path>
         <kind>archive</kind>
         <file>rtsv7M4_T_le_v4SPD16_eabi.lib</file>
         <name>boot_cortex_m.c.obj</name>
      </input_file>
      <input_file id="fl-c2">
         <path>C:\ti\ccs1040\ccs\tools\compiler\ti-cgt-arm_20.2.5.LTS\lib\</path>
         <kind>archive</kind>
         <file>rtsv7M4_T_le_v4SPD16_eabi.lib</file>
         <name>memcpy_t2.asm.obj</name>
      </input_file>
      <input_file id="fl-c3">
         <path>C:\ti\ccs1040\ccs\tools\compiler\ti-cgt-arm_20.2.5.LTS\lib\</path>
         <kind>archive</kind>
         <file>rtsv7M4_T_le_v4SPD16_eabi.lib</file>
         <name>memset_t2.asm.obj</name>
      </input_file>
      <input_file id="fl-c4">
         <path>C:\ti\ccs1040\ccs\tools\compiler\ti-cgt-arm_20.2.5.LTS\lib\</path>
         <kind>archive</kind>
         <file>rtsv7M4_T_le_v4SPD16_eabi.lib</file>
         <name>autoinit.c.obj</name>
      </input_file>
      <input_file id="fl-c5">
         <path>C:\ti\ccs1040\ccs\tools\compiler\ti-cgt-arm_20.2.5.LTS\lib\</path>
         <kind>archive</kind>
         <file>rtsv7M4_T_le_v4SPD16_eabi.lib</file>
         <name>pre_init.c.obj</name>
      </input_file>
      <input_file id="fl-c6">
         <path>C:\ti\ccs1040\ccs\tools\compiler\ti-cgt-arm_20.2.5.LTS\lib\</path>
         <kind>archive</kind>
         <file>rtsv7M4_T_le_v4SPD16_eabi.lib</file>
         <name>cpy_tbl.c.obj</name>
      </input_file>
      <input_file id="fl-c7">
         <path>C:\ti\ccs1040\ccs\tools\compiler\ti-cgt-arm_20.2.5.LTS\lib\</path>
         <kind>archive</kind>
         <file>rtsv7M4_T_le_v4SPD16_eabi.lib</file>
         <name>exit.c.obj</name>
      </input_file>
      <input_file id="fl-c8">
         <path>C:\ti\ccs1040\ccs\tools\compiler\ti-cgt-arm_20.2.5.LTS\lib\</path>
         <kind>archive</kind>
         <file>rtsv7M4_T_le_v4SPD16_eabi.lib</file>
         <name>_lock.c.obj</name>
      </input_file>
      <input_file id="fl-c9">
         <path>C:\ti\ccs1040\ccs\tools\compiler\ti-cgt-arm_20.2.5.LTS\lib\</path>
         <kind>archive</kind>
         <file>rtsv7M4_T_le_v4SPD16_eabi.lib</file>
         <name>args_main.c.obj</name>
      </input_file>
   </input_file_list>
   <object_component_list>
      <object_component id="oc-26">
         <name>.intvecs:retain</name>
         <load_address>0x0</load_address>
         <run_address>0x0</run_address>
         <size>0xe4</size>
         <input_file_ref idref="fl-3"/>
      </object_component>
      <object_component id="oc-93">
         <name>.text</name>
         <load_address>0xe4</load_address>
         <run_address>0xe4</run_address>
         <size>0x3bc</size>
         <input_file_ref idref="fl-2"/>
      </object_component>
      <object_component id="oc-a5">
         <name>.text</name>
         <load_address>0x4a0</load_address>
         <run_address>0x4a0</run_address>
         <size>0x288</size>
         <input_file_ref idref="fl-4"/>
      </object_component>
      <object_component id="oc-37">
         <name>.text</name>
         <load_address>0x728</load_address>
         <run_address>0x728</run_address>
         <size>0x9c</size>
         <input_file_ref idref="fl-c2"/>
      </object_component>
      <object_component id="oc-17">
         <name>.text:decompress:lzss:__TI_decompress_lzss</name>
         <load_address>0x7c4</load_address>
         <run_address>0x7c4</run_address>
         <size>0x68</size>
         <input_file_ref idref="fl-c0"/>
      </object_component>
      <object_component id="oc-e2">
         <name>.text:__TI_auto_init_nobinit_nopinit:__TI_auto_init_nobinit_nopinit</name>
         <load_address>0x82c</load_address>
         <run_address>0x82c</run_address>
         <size>0x44</size>
         <input_file_ref idref="fl-c4"/>
      </object_component>
      <object_component id="oc-55">
         <name>.text:_c_int00_noargs:_c_int00_noargs</name>
         <load_address>0x870</load_address>
         <run_address>0x870</run_address>
         <size>0x34</size>
         <input_file_ref idref="fl-c1"/>
      </object_component>
      <object_component id="oc-1d">
         <name>.text:decompress:none:__TI_decompress_none</name>
         <load_address>0x8a4</load_address>
         <run_address>0x8a4</run_address>
         <size>0xe</size>
         <input_file_ref idref="fl-bf"/>
      </object_component>
      <object_component id="oc-67">
         <name>.text</name>
         <load_address>0x8b2</load_address>
         <run_address>0x8b2</run_address>
         <size>0xe</size>
         <input_file_ref idref="fl-3"/>
      </object_component>
      <object_component id="oc-8d">
         <name>.text:_system_pre_init</name>
         <load_address>0x8c0</load_address>
         <run_address>0x8c0</run_address>
         <size>0x4</size>
         <input_file_ref idref="fl-c5"/>
      </object_component>
      <object_component id="oc-d6">
         <name>.text:abort:abort</name>
         <load_address>0x8c4</load_address>
         <run_address>0x8c4</run_address>
         <size>0x4</size>
         <input_file_ref idref="fl-c7"/>
      </object_component>
      <object_component id="oc-1af">
         <name>.cinit..data.load</name>
         <load_address>0x8c8</load_address>
         <run_address>0x8c8</run_address>
         <size>0xd</size>
      </object_component>
      <object_component id="oc-1ad">
         <name>__TI_handler_table</name>
         <load_address>0x8d8</load_address>
         <run_address>0x8d8</run_address>
         <size>0x8</size>
      </object_component>
      <object_component id="oc-1ae">
         <name>__TI_cinit_table</name>
         <load_address>0x8e0</load_address>
         <run_address>0x8e0</run_address>
         <size>0x8</size>
      </object_component>
      <object_component id="oc-181">
         <name>.binit</name>
         <load_address>0x0</load_address>
         <run_address>0x0</run_address>
         <size>0x0</size>
      </object_component>
      <object_component id="oc-c3">
         <name>.data</name>
         <load_address>0x20000000</load_address>
         <run_address>0x20000000</run_address>
         <size>0x18</size>
         <input_file_ref idref="fl-2"/>
      </object_component>
      <object_component id="oc-114">
         <name>.data</name>
         <load_address>0x20000018</load_address>
         <run_address>0x20000018</run_address>
         <size>0x4</size>
         <input_file_ref idref="fl-4"/>
      </object_component>
      <object_component id="oc-29">
         <name>.stack</name>
         <uninitialized>true</uninitialized>
         <run_address>0x2000fe00</run_address>
         <size>0x4</size>
         <input_file_ref idref="fl-c1"/>
      </object_component>
      <object_component id="oc-1b1">
         <name>.stack</name>
         <uninitialized>true</uninitialized>
         <run_address>0x2000fe00</run_address>
         <size>0x0</size>
      </object_component>
      <object_component id="oc-11d">
         <name>.debug_info</name>
         <load_address>0x0</load_address>
         <run_address>0x0</run_address>
         <size>0x516</size>
         <input_file_ref idref="fl-2"/>
      </object_component>
      <object_component id="oc-c4">
         <name>.debug_info</name>
         <load_address>0x516</load_address>
         <run_address>0x516</run_address>
         <size>0x172</size>
         <input_file_ref idref="fl-2"/>
      </object_component>
      <object_component id="oc-94">
         <name>.debug_info</name>
         <load_address>0x688</load_address>
         <run_address>0x688</run_address>
         <size>0x7a7</size>
         <input_file_ref idref="fl-2"/>
      </object_component>
      <object_component id="oc-144">
         <name>.debug_info</name>
         <load_address>0xe2f</load_address>
         <run_address>0xe2f</run_address>
         <size>0x37e2</size>
         <input_file_ref idref="fl-2"/>
      </object_component>
      <object_component id="oc-149">
         <name>.debug_info</name>
         <load_address>0x4611</load_address>
         <run_address>0x4611</run_address>
         <size>0x1055</size>
         <input_file_ref idref="fl-2"/>
      </object_component>
      <object_component id="oc-ae">
         <name>.debug_info</name>
         <load_address>0x5666</load_address>
         <run_address>0x5666</run_address>
         <size>0x26b</size>
         <input_file_ref idref="fl-2"/>
      </object_component>
      <object_component id="oc-d1">
         <name>.debug_info</name>
         <load_address>0x58d1</load_address>
         <run_address>0x58d1</run_address>
         <size>0x8b</size>
         <input_file_ref idref="fl-2"/>
      </object_component>
      <object_component id="oc-118">
         <name>.debug_info</name>
         <load_address>0x595c</load_address>
         <run_address>0x595c</run_address>
         <size>0x2a4</size>
         <input_file_ref idref="fl-2"/>
      </object_component>
      <object_component id="oc-cc">
         <name>.debug_info</name>
         <load_address>0x5c00</load_address>
         <run_address>0x5c00</run_address>
         <size>0xbb</size>
         <input_file_ref idref="fl-2"/>
      </object_component>
      <object_component id="oc-c7">
         <name>.debug_info</name>
         <load_address>0x5cbb</load_address>
         <run_address>0x5cbb</run_address>
         <size>0x51</size>
         <input_file_ref idref="fl-2"/>
      </object_component>
      <object_component id="oc-6f">
         <name>.debug_info</name>
         <load_address>0x5d0c</load_address>
         <run_address>0x5d0c</run_address>
         <size>0x2b1</size>
         <input_file_ref idref="fl-3"/>
      </object_component>
      <object_component id="oc-27">
         <name>.debug_info</name>
         <load_address>0x5fbd</load_address>
         <run_address>0x5fbd</run_address>
         <size>0xdd</size>
         <input_file_ref idref="fl-3"/>
      </object_component>
      <object_component id="oc-6b">
         <name>.debug_info</name>
         <load_address>0x609a</load_address>
         <run_address>0x609a</run_address>
         <size>0x1a4</size>
         <input_file_ref idref="fl-3"/>
      </object_component>
      <object_component id="oc-32">
         <name>.debug_info</name>
         <load_address>0x623e</load_address>
         <run_address>0x623e</run_address>
         <size>0x84</size>
         <input_file_ref idref="fl-3"/>
      </object_component>
      <object_component id="oc-115">
         <name>.debug_info</name>
         <load_address>0x62c2</load_address>
         <run_address>0x62c2</run_address>
         <size>0xd6</size>
         <input_file_ref idref="fl-4"/>
      </object_component>
      <object_component id="oc-a7">
         <name>.debug_info</name>
         <load_address>0x6398</load_address>
         <run_address>0x6398</run_address>
         <size>0x242</size>
         <input_file_ref idref="fl-4"/>
      </object_component>
      <object_component id="oc-42">
         <name>.debug_info</name>
         <load_address>0x65da</load_address>
         <run_address>0x65da</run_address>
         <size>0x2a8</size>
         <input_file_ref idref="fl-bf"/>
      </object_component>
      <object_component id="oc-21">
         <name>.debug_info</name>
         <load_address>0x6882</load_address>
         <run_address>0x6882</run_address>
         <size>0x1ea</size>
         <input_file_ref idref="fl-bf"/>
      </object_component>
      <object_component id="oc-3d">
         <name>.debug_info</name>
         <load_address>0x6a6c</load_address>
         <run_address>0x6a6c</run_address>
         <size>0x46</size>
         <input_file_ref idref="fl-bf"/>
      </object_component>
      <object_component id="oc-79">
         <name>.debug_info</name>
         <load_address>0x6ab2</load_address>
         <run_address>0x6ab2</run_address>
         <size>0x2c</size>
         <input_file_ref idref="fl-bf"/>
      </object_component>
      <object_component id="oc-77">
         <name>.debug_info</name>
         <load_address>0x6ade</load_address>
         <run_address>0x6ade</run_address>
         <size>0x29e</size>
         <input_file_ref idref="fl-c0"/>
      </object_component>
      <object_component id="oc-18">
         <name>.debug_info</name>
         <load_address>0x6d7c</load_address>
         <run_address>0x6d7c</run_address>
         <size>0x250</size>
         <input_file_ref idref="fl-c0"/>
      </object_component>
      <object_component id="oc-2d">
         <name>.debug_info</name>
         <load_address>0x6fcc</load_address>
         <run_address>0x6fcc</run_address>
         <size>0x60</size>
         <input_file_ref idref="fl-c0"/>
      </object_component>
      <object_component id="oc-b3">
         <name>.debug_info</name>
         <load_address>0x702c</load_address>
         <run_address>0x702c</run_address>
         <size>0x46</size>
         <input_file_ref idref="fl-c0"/>
      </object_component>
      <object_component id="oc-72">
         <name>.debug_info</name>
         <load_address>0x7072</load_address>
         <run_address>0x7072</run_address>
         <size>0x39</size>
         <input_file_ref idref="fl-c0"/>
      </object_component>
      <object_component id="oc-2a">
         <name>.debug_info</name>
         <load_address>0x70ab</load_address>
         <run_address>0x70ab</run_address>
         <size>0x10b</size>
         <input_file_ref idref="fl-c1"/>
      </object_component>
      <object_component id="oc-58">
         <name>.debug_info</name>
         <load_address>0x71b6</load_address>
         <run_address>0x71b6</run_address>
         <size>0x1a9</size>
         <input_file_ref idref="fl-c1"/>
      </object_component>
      <object_component id="oc-3a">
         <name>.debug_info</name>
         <load_address>0x735f</load_address>
         <run_address>0x735f</run_address>
         <size>0x119</size>
         <input_file_ref idref="fl-c2"/>
      </object_component>
      <object_component id="oc-12b">
         <name>.debug_info</name>
         <load_address>0x7478</load_address>
         <run_address>0x7478</run_address>
         <size>0x4b3</size>
         <input_file_ref idref="fl-c4"/>
      </object_component>
      <object_component id="oc-e3">
         <name>.debug_info</name>
         <load_address>0x792b</load_address>
         <run_address>0x792b</run_address>
         <size>0x1a6</size>
         <input_file_ref idref="fl-c4"/>
      </object_component>
      <object_component id="oc-15e">
         <name>.debug_info</name>
         <load_address>0x7ad1</load_address>
         <run_address>0x7ad1</run_address>
         <size>0x39</size>
         <input_file_ref idref="fl-c4"/>
      </object_component>
      <object_component id="oc-172">
         <name>.debug_info</name>
         <load_address>0x7b0a</load_address>
         <run_address>0x7b0a</run_address>
         <size>0x39</size>
         <input_file_ref idref="fl-c4"/>
      </object_component>
      <object_component id="oc-163">
         <name>.debug_info</name>
         <load_address>0x7b43</load_address>
         <run_address>0x7b43</run_address>
         <size>0x39</size>
         <input_file_ref idref="fl-c4"/>
      </object_component>
      <object_component id="oc-168">
         <name>.debug_info</name>
         <load_address>0x7b7c</load_address>
         <run_address>0x7b7c</run_address>
         <size>0xcd</size>
         <input_file_ref idref="fl-c4"/>
      </object_component>
      <object_component id="oc-8e">
         <name>.debug_info</name>
         <load_address>0x7c49</load_address>
         <run_address>0x7c49</run_address>
         <size>0x153</size>
         <input_file_ref idref="fl-c5"/>
      </object_component>
      <object_component id="oc-d8">
         <name>.debug_info</name>
         <load_address>0x7d9c</load_address>
         <run_address>0x7d9c</run_address>
         <size>0x122</size>
         <input_file_ref idref="fl-c7"/>
      </object_component>
      <object_component id="oc-1b2">
         <name>.debug_info</name>
         <load_address>0x7ebe</load_address>
         <run_address>0x7ebe</run_address>
         <size>0x89</size>
      </object_component>
      <object_component id="oc-143">
         <name>.debug_line</name>
         <load_address>0x0</load_address>
         <run_address>0x0</run_address>
         <size>0x20</size>
         <input_file_ref idref="fl-2"/>
      </object_component>
      <object_component id="oc-11f">
         <name>.debug_line</name>
         <load_address>0x20</load_address>
         <run_address>0x20</run_address>
         <size>0x35</size>
         <input_file_ref idref="fl-2"/>
      </object_component>
      <object_component id="oc-97">
         <name>.debug_line</name>
         <load_address>0x55</load_address>
         <run_address>0x55</run_address>
         <size>0x354</size>
         <input_file_ref idref="fl-2"/>
      </object_component>
      <object_component id="oc-147">
         <name>.debug_line</name>
         <load_address>0x3a9</load_address>
         <run_address>0x3a9</run_address>
         <size>0x58</size>
         <input_file_ref idref="fl-2"/>
      </object_component>
      <object_component id="oc-14c">
         <name>.debug_line</name>
         <load_address>0x401</load_address>
         <run_address>0x401</run_address>
         <size>0x5b</size>
         <input_file_ref idref="fl-2"/>
      </object_component>
      <object_component id="oc-b1">
         <name>.debug_line</name>
         <load_address>0x45c</load_address>
         <run_address>0x45c</run_address>
         <size>0x6f</size>
         <input_file_ref idref="fl-2"/>
      </object_component>
      <object_component id="oc-d4">
         <name>.debug_line</name>
         <load_address>0x4cb</load_address>
         <run_address>0x4cb</run_address>
         <size>0x20</size>
         <input_file_ref idref="fl-2"/>
      </object_component>
      <object_component id="oc-11b">
         <name>.debug_line</name>
         <load_address>0x4eb</load_address>
         <run_address>0x4eb</run_address>
         <size>0x73</size>
         <input_file_ref idref="fl-2"/>
      </object_component>
      <object_component id="oc-cf">
         <name>.debug_line</name>
         <load_address>0x55e</load_address>
         <run_address>0x55e</run_address>
         <size>0x70</size>
         <input_file_ref idref="fl-2"/>
      </object_component>
      <object_component id="oc-ca">
         <name>.debug_line</name>
         <load_address>0x5ce</load_address>
         <run_address>0x5ce</run_address>
         <size>0x32</size>
         <input_file_ref idref="fl-2"/>
      </object_component>
      <object_component id="oc-ad">
         <name>.debug_line</name>
         <load_address>0x600</load_address>
         <run_address>0x600</run_address>
         <size>0x40</size>
         <input_file_ref idref="fl-3"/>
      </object_component>
      <object_component id="oc-6e">
         <name>.debug_line</name>
         <load_address>0x640</load_address>
         <run_address>0x640</run_address>
         <size>0x40</size>
         <input_file_ref idref="fl-3"/>
      </object_component>
      <object_component id="oc-68">
         <name>.debug_line</name>
         <load_address>0x680</load_address>
         <run_address>0x680</run_address>
         <size>0x71</size>
         <input_file_ref idref="fl-3"/>
      </object_component>
      <object_component id="oc-35">
         <name>.debug_line</name>
         <load_address>0x6f1</load_address>
         <run_address>0x6f1</run_address>
         <size>0x20</size>
         <input_file_ref idref="fl-3"/>
      </object_component>
      <object_component id="oc-141">
         <name>.debug_line</name>
         <load_address>0x711</load_address>
         <run_address>0x711</run_address>
         <size>0x3b</size>
         <input_file_ref idref="fl-4"/>
      </object_component>
      <object_component id="oc-aa">
         <name>.debug_line</name>
         <load_address>0x74c</load_address>
         <run_address>0x74c</run_address>
         <size>0x14b</size>
         <input_file_ref idref="fl-4"/>
      </object_component>
      <object_component id="oc-7f">
         <name>.debug_line</name>
         <load_address>0x897</load_address>
         <run_address>0x897</run_address>
         <size>0x20</size>
         <input_file_ref idref="fl-bf"/>
      </object_component>
      <object_component id="oc-20">
         <name>.debug_line</name>
         <load_address>0x8b7</load_address>
         <run_address>0x8b7</run_address>
         <size>0x55</size>
         <input_file_ref idref="fl-bf"/>
      </object_component>
      <object_component id="oc-40">
         <name>.debug_line</name>
         <load_address>0x90c</load_address>
         <run_address>0x90c</run_address>
         <size>0x3a</size>
         <input_file_ref idref="fl-bf"/>
      </object_component>
      <object_component id="oc-7c">
         <name>.debug_line</name>
         <load_address>0x946</load_address>
         <run_address>0x946</run_address>
         <size>0x92</size>
         <input_file_ref idref="fl-bf"/>
      </object_component>
      <object_component id="oc-b9">
         <name>.debug_line</name>
         <load_address>0x9d8</load_address>
         <run_address>0x9d8</run_address>
         <size>0x20</size>
         <input_file_ref idref="fl-c0"/>
      </object_component>
      <object_component id="oc-1c">
         <name>.debug_line</name>
         <load_address>0x9f8</load_address>
         <run_address>0x9f8</run_address>
         <size>0xa9</size>
         <input_file_ref idref="fl-c0"/>
      </object_component>
      <object_component id="oc-30">
         <name>.debug_line</name>
         <load_address>0xaa1</load_address>
         <run_address>0xaa1</run_address>
         <size>0x3a</size>
         <input_file_ref idref="fl-c0"/>
      </object_component>
      <object_component id="oc-b6">
         <name>.debug_line</name>
         <load_address>0xadb</load_address>
         <run_address>0xadb</run_address>
         <size>0x9a</size>
         <input_file_ref idref="fl-c0"/>
      </object_component>
      <object_component id="oc-75">
         <name>.debug_line</name>
         <load_address>0xb75</load_address>
         <run_address>0xb75</run_address>
         <size>0x96</size>
         <input_file_ref idref="fl-c0"/>
      </object_component>
      <object_component id="oc-71">
         <name>.debug_line</name>
         <load_address>0xc0b</load_address>
         <run_address>0xc0b</run_address>
         <size>0x33</size>
         <input_file_ref idref="fl-c1"/>
      </object_component>
      <object_component id="oc-5a">
         <name>.debug_line</name>
         <load_address>0xc3e</load_address>
         <run_address>0xc3e</run_address>
         <size>0x45</size>
         <input_file_ref idref="fl-c1"/>
      </object_component>
      <object_component id="oc-38">
         <name>.debug_line</name>
         <load_address>0xc83</load_address>
         <run_address>0xc83</run_address>
         <size>0x88</size>
         <input_file_ref idref="fl-c2"/>
      </object_component>
      <object_component id="oc-15d">
         <name>.debug_line</name>
         <load_address>0xd0b</load_address>
         <run_address>0xd0b</run_address>
         <size>0xbf</size>
         <input_file_ref idref="fl-c4"/>
      </object_component>
      <object_component id="oc-e6">
         <name>.debug_line</name>
         <load_address>0xdca</load_address>
         <run_address>0xdca</run_address>
         <size>0x6f</size>
         <input_file_ref idref="fl-c4"/>
      </object_component>
      <object_component id="oc-161">
         <name>.debug_line</name>
         <load_address>0xe39</load_address>
         <run_address>0xe39</run_address>
         <size>0x2e</size>
         <input_file_ref idref="fl-c4"/>
      </object_component>
      <object_component id="oc-175">
         <name>.debug_line</name>
         <load_address>0xe67</load_address>
         <run_address>0xe67</run_address>
         <size>0x9a</size>
         <input_file_ref idref="fl-c4"/>
      </object_component>
      <object_component id="oc-166">
         <name>.debug_line</name>
         <load_address>0xf01</load_address>
         <run_address>0xf01</run_address>
         <size>0x97</size>
         <input_file_ref idref="fl-c4"/>
      </object_component>
      <object_component id="oc-16b">
         <name>.debug_line</name>
         <load_address>0xf98</load_address>
         <run_address>0xf98</run_address>
         <size>0x93</size>
         <input_file_ref idref="fl-c4"/>
      </object_component>
      <object_component id="oc-91">
         <name>.debug_line</name>
         <load_address>0x102b</load_address>
         <run_address>0x102b</run_address>
         <size>0x40</size>
         <input_file_ref idref="fl-c5"/>
      </object_component>
      <object_component id="oc-d7">
         <name>.debug_line</name>
         <load_address>0x106b</load_address>
         <run_address>0x106b</run_address>
         <size>0x3c</size>
         <input_file_ref idref="fl-c7"/>
      </object_component>
      <object_component id="oc-98">
         <name>.debug_frame</name>
         <load_address>0x0</load_address>
         <run_address>0x0</run_address>
         <size>0x1cc</size>
         <input_file_ref idref="fl-2"/>
      </object_component>
      <object_component id="oc-69">
         <name>.debug_frame</name>
         <load_address>0x1cc</load_address>
         <run_address>0x1cc</run_address>
         <size>0x6c</size>
         <input_file_ref idref="fl-3"/>
      </object_component>
      <object_component id="oc-a6">
         <name>.debug_frame</name>
         <load_address>0x238</load_address>
         <run_address>0x238</run_address>
         <size>0x78</size>
         <input_file_ref idref="fl-4"/>
      </object_component>
      <object_component id="oc-1e">
         <name>.debug_frame</name>
         <load_address>0x2b0</load_address>
         <run_address>0x2b0</run_address>
         <size>0x54</size>
         <input_file_ref idref="fl-bf"/>
      </object_component>
      <object_component id="oc-1b">
         <name>.debug_frame</name>
         <load_address>0x304</load_address>
         <run_address>0x304</run_address>
         <size>0x60</size>
         <input_file_ref idref="fl-c0"/>
      </object_component>
      <object_component id="oc-56">
         <name>.debug_frame</name>
         <load_address>0x364</load_address>
         <run_address>0x364</run_address>
         <size>0x50</size>
         <input_file_ref idref="fl-c1"/>
      </object_component>
      <object_component id="oc-e7">
         <name>.debug_frame</name>
         <load_address>0x3b4</load_address>
         <run_address>0x3b4</run_address>
         <size>0x5c</size>
         <input_file_ref idref="fl-c4"/>
      </object_component>
      <object_component id="oc-92">
         <name>.debug_frame</name>
         <load_address>0x410</load_address>
         <run_address>0x410</run_address>
         <size>0x54</size>
         <input_file_ref idref="fl-c5"/>
      </object_component>
      <object_component id="oc-db">
         <name>.debug_frame</name>
         <load_address>0x464</load_address>
         <run_address>0x464</run_address>
         <size>0x54</size>
         <input_file_ref idref="fl-c7"/>
      </object_component>
      <object_component id="oc-142">
         <name>.debug_abbrev</name>
         <load_address>0x0</load_address>
         <run_address>0x0</run_address>
         <size>0x71</size>
         <input_file_ref idref="fl-2"/>
      </object_component>
      <object_component id="oc-11e">
         <name>.debug_abbrev</name>
         <load_address>0x71</load_address>
         <run_address>0x71</run_address>
         <size>0x29</size>
         <input_file_ref idref="fl-2"/>
      </object_component>
      <object_component id="oc-c6">
         <name>.debug_abbrev</name>
         <load_address>0x9a</load_address>
         <run_address>0x9a</run_address>
         <size>0xd6</size>
         <input_file_ref idref="fl-2"/>
      </object_component>
      <object_component id="oc-146">
         <name>.debug_abbrev</name>
         <load_address>0x170</load_address>
         <run_address>0x170</run_address>
         <size>0xbd</size>
         <input_file_ref idref="fl-2"/>
      </object_component>
      <object_component id="oc-14b">
         <name>.debug_abbrev</name>
         <load_address>0x22d</load_address>
         <run_address>0x22d</run_address>
         <size>0x97</size>
         <input_file_ref idref="fl-2"/>
      </object_component>
      <object_component id="oc-b0">
         <name>.debug_abbrev</name>
         <load_address>0x2c4</load_address>
         <run_address>0x2c4</run_address>
         <size>0x69</size>
         <input_file_ref idref="fl-2"/>
      </object_component>
      <object_component id="oc-d3">
         <name>.debug_abbrev</name>
         <load_address>0x32d</load_address>
         <run_address>0x32d</run_address>
         <size>0x1f</size>
         <input_file_ref idref="fl-2"/>
      </object_component>
      <object_component id="oc-11a">
         <name>.debug_abbrev</name>
         <load_address>0x34c</load_address>
         <run_address>0x34c</run_address>
         <size>0x5c</size>
         <input_file_ref idref="fl-2"/>
      </object_component>
      <object_component id="oc-ce">
         <name>.debug_abbrev</name>
         <load_address>0x3a8</load_address>
         <run_address>0x3a8</run_address>
         <size>0x24</size>
         <input_file_ref idref="fl-2"/>
      </object_component>
      <object_component id="oc-c9">
         <name>.debug_abbrev</name>
         <load_address>0x3cc</load_address>
         <run_address>0x3cc</run_address>
         <size>0x33</size>
         <input_file_ref idref="fl-2"/>
      </object_component>
      <object_component id="oc-ac">
         <name>.debug_abbrev</name>
         <load_address>0x3ff</load_address>
         <run_address>0x3ff</run_address>
         <size>0x7c</size>
         <input_file_ref idref="fl-3"/>
      </object_component>
      <object_component id="oc-6d">
         <name>.debug_abbrev</name>
         <load_address>0x47b</load_address>
         <run_address>0x47b</run_address>
         <size>0x29</size>
         <input_file_ref idref="fl-3"/>
      </object_component>
      <object_component id="oc-ab">
         <name>.debug_abbrev</name>
         <load_address>0x4a4</load_address>
         <run_address>0x4a4</run_address>
         <size>0x89</size>
         <input_file_ref idref="fl-3"/>
      </object_component>
      <object_component id="oc-34">
         <name>.debug_abbrev</name>
         <load_address>0x52d</load_address>
         <run_address>0x52d</run_address>
         <size>0x1f</size>
         <input_file_ref idref="fl-3"/>
      </object_component>
      <object_component id="oc-140">
         <name>.debug_abbrev</name>
         <load_address>0x54c</load_address>
         <run_address>0x54c</run_address>
         <size>0x29</size>
         <input_file_ref idref="fl-4"/>
      </object_component>
      <object_component id="oc-117">
         <name>.debug_abbrev</name>
         <load_address>0x575</load_address>
         <run_address>0x575</run_address>
         <size>0x8b</size>
         <input_file_ref idref="fl-4"/>
      </object_component>
      <object_component id="oc-7e">
         <name>.debug_abbrev</name>
         <load_address>0x600</load_address>
         <run_address>0x600</run_address>
         <size>0x37</size>
         <input_file_ref idref="fl-bf"/>
      </object_component>
      <object_component id="oc-3c">
         <name>.debug_abbrev</name>
         <load_address>0x637</load_address>
         <run_address>0x637</run_address>
         <size>0x74</size>
         <input_file_ref idref="fl-bf"/>
      </object_component>
      <object_component id="oc-3f">
         <name>.debug_abbrev</name>
         <load_address>0x6ab</load_address>
         <run_address>0x6ab</run_address>
         <size>0x24</size>
         <input_file_ref idref="fl-bf"/>
      </object_component>
      <object_component id="oc-7b">
         <name>.debug_abbrev</name>
         <load_address>0x6cf</load_address>
         <run_address>0x6cf</run_address>
         <size>0x24</size>
         <input_file_ref idref="fl-bf"/>
      </object_component>
      <object_component id="oc-b8">
         <name>.debug_abbrev</name>
         <load_address>0x6f3</load_address>
         <run_address>0x6f3</run_address>
         <size>0x37</size>
         <input_file_ref idref="fl-c0"/>
      </object_component>
      <object_component id="oc-2c">
         <name>.debug_abbrev</name>
         <load_address>0x72a</load_address>
         <run_address>0x72a</run_address>
         <size>0x6f</size>
         <input_file_ref idref="fl-c0"/>
      </object_component>
      <object_component id="oc-2f">
         <name>.debug_abbrev</name>
         <load_address>0x799</load_address>
         <run_address>0x799</run_address>
         <size>0x24</size>
         <input_file_ref idref="fl-c0"/>
      </object_component>
      <object_component id="oc-b5">
         <name>.debug_abbrev</name>
         <load_address>0x7bd</load_address>
         <run_address>0x7bd</run_address>
         <size>0x35</size>
         <input_file_ref idref="fl-c0"/>
      </object_component>
      <object_component id="oc-74">
         <name>.debug_abbrev</name>
         <load_address>0x7f2</load_address>
         <run_address>0x7f2</run_address>
         <size>0x24</size>
         <input_file_ref idref="fl-c0"/>
      </object_component>
      <object_component id="oc-70">
         <name>.debug_abbrev</name>
         <load_address>0x816</load_address>
         <run_address>0x816</run_address>
         <size>0x29</size>
         <input_file_ref idref="fl-c1"/>
      </object_component>
      <object_component id="oc-9c">
         <name>.debug_abbrev</name>
         <load_address>0x83f</load_address>
         <run_address>0x83f</run_address>
         <size>0x55</size>
         <input_file_ref idref="fl-c1"/>
      </object_component>
      <object_component id="oc-78">
         <name>.debug_abbrev</name>
         <load_address>0x894</load_address>
         <run_address>0x894</run_address>
         <size>0x3e</size>
         <input_file_ref idref="fl-c2"/>
      </object_component>
      <object_component id="oc-15c">
         <name>.debug_abbrev</name>
         <load_address>0x8d2</load_address>
         <run_address>0x8d2</run_address>
         <size>0xc0</size>
         <input_file_ref idref="fl-c4"/>
      </object_component>
      <object_component id="oc-12a">
         <name>.debug_abbrev</name>
         <load_address>0x992</load_address>
         <run_address>0x992</run_address>
         <size>0x7e</size>
         <input_file_ref idref="fl-c4"/>
      </object_component>
      <object_component id="oc-160">
         <name>.debug_abbrev</name>
         <load_address>0xa10</load_address>
         <run_address>0xa10</run_address>
         <size>0x24</size>
         <input_file_ref idref="fl-c4"/>
      </object_component>
      <object_component id="oc-174">
         <name>.debug_abbrev</name>
         <load_address>0xa34</load_address>
         <run_address>0xa34</run_address>
         <size>0x24</size>
         <input_file_ref idref="fl-c4"/>
      </object_component>
      <object_component id="oc-165">
         <name>.debug_abbrev</name>
         <load_address>0xa58</load_address>
         <run_address>0xa58</run_address>
         <size>0x24</size>
         <input_file_ref idref="fl-c4"/>
      </object_component>
      <object_component id="oc-16a">
         <name>.debug_abbrev</name>
         <load_address>0xa7c</load_address>
         <run_address>0xa7c</run_address>
         <size>0x4b</size>
         <input_file_ref idref="fl-c4"/>
      </object_component>
      <object_component id="oc-c2">
         <name>.debug_abbrev</name>
         <load_address>0xac7</load_address>
         <run_address>0xac7</run_address>
         <size>0x55</size>
         <input_file_ref idref="fl-c5"/>
      </object_component>
      <object_component id="oc-120">
         <name>.debug_abbrev</name>
         <load_address>0xb1c</load_address>
         <run_address>0xb1c</run_address>
         <size>0x45</size>
         <input_file_ref idref="fl-c7"/>
      </object_component>
      <object_component id="oc-1b3">
         <name>.debug_abbrev</name>
         <load_address>0xb61</load_address>
         <run_address>0xb61</run_address>
         <size>0xf</size>
      </object_component>
      <object_component id="oc-148">
         <name>.debug_str</name>
         <load_address>0x0</load_address>
         <run_address>0x0</run_address>
         <size>0x15b3</size>
         <input_file_ref idref="fl-2"/>
      </object_component>
      <object_component id="oc-14d">
         <name>.debug_str</name>
         <load_address>0x15b3</load_address>
         <run_address>0x15b3</run_address>
         <size>0x46f</size>
         <input_file_ref idref="fl-2"/>
      </object_component>
      <object_component id="oc-b2">
         <name>.debug_str</name>
         <load_address>0x1a22</load_address>
         <run_address>0x1a22</run_address>
         <size>0x29a</size>
         <input_file_ref idref="fl-2"/>
      </object_component>
      <object_component id="oc-d5">
         <name>.debug_str</name>
         <load_address>0x1cbc</load_address>
         <run_address>0x1cbc</run_address>
         <size>0xfd</size>
         <input_file_ref idref="fl-2"/>
      </object_component>
      <object_component id="oc-11c">
         <name>.debug_str</name>
         <load_address>0x1db9</load_address>
         <run_address>0x1db9</run_address>
         <size>0x330</size>
         <input_file_ref idref="fl-2"/>
      </object_component>
      <object_component id="oc-d0">
         <name>.debug_str</name>
         <load_address>0x20e9</load_address>
         <run_address>0x20e9</run_address>
         <size>0x132</size>
         <input_file_ref idref="fl-2"/>
      </object_component>
      <object_component id="oc-cb">
         <name>.debug_str</name>
         <load_address>0x221b</load_address>
         <run_address>0x221b</run_address>
         <size>0xb7</size>
         <input_file_ref idref="fl-2"/>
      </object_component>
      <object_component id="oc-36">
         <name>.debug_str</name>
         <load_address>0x22d2</load_address>
         <run_address>0x22d2</run_address>
         <size>0xfd</size>
         <input_file_ref idref="fl-3"/>
      </object_component>
      <object_component id="oc-41">
         <name>.debug_str</name>
         <load_address>0x23cf</load_address>
         <run_address>0x23cf</run_address>
         <size>0x10b</size>
         <input_file_ref idref="fl-bf"/>
      </object_component>
      <object_component id="oc-7d">
         <name>.debug_str</name>
         <load_address>0x24da</load_address>
         <run_address>0x24da</run_address>
         <size>0x140</size>
         <input_file_ref idref="fl-bf"/>
      </object_component>
      <object_component id="oc-31">
         <name>.debug_str</name>
         <load_address>0x261a</load_address>
         <run_address>0x261a</run_address>
         <size>0x118</size>
         <input_file_ref idref="fl-c0"/>
      </object_component>
      <object_component id="oc-b7">
         <name>.debug_str</name>
         <load_address>0x2732</load_address>
         <run_address>0x2732</run_address>
         <size>0x16b</size>
         <input_file_ref idref="fl-c0"/>
      </object_component>
      <object_component id="oc-76">
         <name>.debug_str</name>
         <load_address>0x289d</load_address>
         <run_address>0x289d</run_address>
         <size>0x158</size>
         <input_file_ref idref="fl-c0"/>
      </object_component>
      <object_component id="oc-162">
         <name>.debug_str</name>
         <load_address>0x29f5</load_address>
         <run_address>0x29f5</run_address>
         <size>0xed</size>
         <input_file_ref idref="fl-c4"/>
      </object_component>
      <object_component id="oc-176">
         <name>.debug_str</name>
         <load_address>0x2ae2</load_address>
         <run_address>0x2ae2</run_address>
         <size>0x157</size>
         <input_file_ref idref="fl-c4"/>
      </object_component>
      <object_component id="oc-167">
         <name>.debug_str</name>
         <load_address>0x2c39</load_address>
         <run_address>0x2c39</run_address>
         <size>0x150</size>
         <input_file_ref idref="fl-c4"/>
      </object_component>
      <object_component id="oc-16c">
         <name>.debug_str</name>
         <load_address>0x2d89</load_address>
         <run_address>0x2d89</run_address>
         <size>0x197</size>
         <input_file_ref idref="fl-c4"/>
      </object_component>
      <object_component id="oc-96">
         <name>.debug_aranges</name>
         <load_address>0x0</load_address>
         <run_address>0x0</run_address>
         <size>0xa0</size>
         <input_file_ref idref="fl-2"/>
      </object_component>
      <object_component id="oc-6a">
         <name>.debug_aranges</name>
         <load_address>0xa0</load_address>
         <run_address>0xa0</run_address>
         <size>0x28</size>
         <input_file_ref idref="fl-3"/>
      </object_component>
      <object_component id="oc-a9">
         <name>.debug_aranges</name>
         <load_address>0xc8</load_address>
         <run_address>0xc8</run_address>
         <size>0x28</size>
         <input_file_ref idref="fl-4"/>
      </object_component>
      <object_component id="oc-1f">
         <name>.debug_aranges</name>
         <load_address>0xf0</load_address>
         <run_address>0xf0</run_address>
         <size>0x20</size>
         <input_file_ref idref="fl-bf"/>
      </object_component>
      <object_component id="oc-19">
         <name>.debug_aranges</name>
         <load_address>0x110</load_address>
         <run_address>0x110</run_address>
         <size>0x20</size>
         <input_file_ref idref="fl-c0"/>
      </object_component>
      <object_component id="oc-57">
         <name>.debug_aranges</name>
         <load_address>0x130</load_address>
         <run_address>0x130</run_address>
         <size>0x20</size>
         <input_file_ref idref="fl-c1"/>
      </object_component>
      <object_component id="oc-39">
         <name>.debug_aranges</name>
         <load_address>0x150</load_address>
         <run_address>0x150</run_address>
         <size>0x20</size>
         <input_file_ref idref="fl-c2"/>
      </object_component>
      <object_component id="oc-e4">
         <name>.debug_aranges</name>
         <load_address>0x170</load_address>
         <run_address>0x170</run_address>
         <size>0x20</size>
         <input_file_ref idref="fl-c4"/>
      </object_component>
      <object_component id="oc-90">
         <name>.debug_aranges</name>
         <load_address>0x190</load_address>
         <run_address>0x190</run_address>
         <size>0x20</size>
         <input_file_ref idref="fl-c5"/>
      </object_component>
      <object_component id="oc-d9">
         <name>.debug_aranges</name>
         <load_address>0x1b0</load_address>
         <run_address>0x1b0</run_address>
         <size>0x20</size>
         <input_file_ref idref="fl-c7"/>
      </object_component>
      <object_component id="oc-c5">
         <name>.debug_pubnames</name>
         <load_address>0x0</load_address>
         <run_address>0x0</run_address>
         <size>0x67</size>
         <input_file_ref idref="fl-2"/>
      </object_component>
      <object_component id="oc-95">
         <name>.debug_pubnames</name>
         <load_address>0x67</load_address>
         <run_address>0x67</run_address>
         <size>0x137</size>
         <input_file_ref idref="fl-2"/>
      </object_component>
      <object_component id="oc-28">
         <name>.debug_pubnames</name>
         <load_address>0x19e</load_address>
         <run_address>0x19e</run_address>
         <size>0x27</size>
         <input_file_ref idref="fl-3"/>
      </object_component>
      <object_component id="oc-6c">
         <name>.debug_pubnames</name>
         <load_address>0x1c5</load_address>
         <run_address>0x1c5</run_address>
         <size>0x38</size>
         <input_file_ref idref="fl-3"/>
      </object_component>
      <object_component id="oc-116">
         <name>.debug_pubnames</name>
         <load_address>0x1fd</load_address>
         <run_address>0x1fd</run_address>
         <size>0x26</size>
         <input_file_ref idref="fl-4"/>
      </object_component>
      <object_component id="oc-a8">
         <name>.debug_pubnames</name>
         <load_address>0x223</load_address>
         <run_address>0x223</run_address>
         <size>0x3b</size>
         <input_file_ref idref="fl-4"/>
      </object_component>
      <object_component id="oc-22">
         <name>.debug_pubnames</name>
         <load_address>0x25e</load_address>
         <run_address>0x25e</run_address>
         <size>0x2b</size>
         <input_file_ref idref="fl-bf"/>
      </object_component>
      <object_component id="oc-1a">
         <name>.debug_pubnames</name>
         <load_address>0x289</load_address>
         <run_address>0x289</run_address>
         <size>0x2b</size>
         <input_file_ref idref="fl-c0"/>
      </object_component>
      <object_component id="oc-2b">
         <name>.debug_pubnames</name>
         <load_address>0x2b4</load_address>
         <run_address>0x2b4</run_address>
         <size>0x1e</size>
         <input_file_ref idref="fl-c1"/>
      </object_component>
      <object_component id="oc-59">
         <name>.debug_pubnames</name>
         <load_address>0x2d2</load_address>
         <run_address>0x2d2</run_address>
         <size>0x26</size>
         <input_file_ref idref="fl-c1"/>
      </object_component>
      <object_component id="oc-3b">
         <name>.debug_pubnames</name>
         <load_address>0x2f8</load_address>
         <run_address>0x2f8</run_address>
         <size>0x1d</size>
         <input_file_ref idref="fl-c2"/>
      </object_component>
      <object_component id="oc-e5">
         <name>.debug_pubnames</name>
         <load_address>0x315</load_address>
         <run_address>0x315</run_address>
         <size>0x35</size>
         <input_file_ref idref="fl-c4"/>
      </object_component>
      <object_component id="oc-8f">
         <name>.debug_pubnames</name>
         <load_address>0x34a</load_address>
         <run_address>0x34a</run_address>
         <size>0x27</size>
         <input_file_ref idref="fl-c5"/>
      </object_component>
      <object_component id="oc-da">
         <name>.debug_pubnames</name>
         <load_address>0x371</load_address>
         <run_address>0x371</run_address>
         <size>0x1c</size>
         <input_file_ref idref="fl-c7"/>
      </object_component>
      <object_component id="oc-145">
         <name>.debug_pubtypes</name>
         <load_address>0x0</load_address>
         <run_address>0x0</run_address>
         <size>0x2ce</size>
         <input_file_ref idref="fl-2"/>
      </object_component>
      <object_component id="oc-14a">
         <name>.debug_pubtypes</name>
         <load_address>0x2ce</load_address>
         <run_address>0x2ce</run_address>
         <size>0xdd</size>
         <input_file_ref idref="fl-2"/>
      </object_component>
      <object_component id="oc-af">
         <name>.debug_pubtypes</name>
         <load_address>0x3ab</load_address>
         <run_address>0x3ab</run_address>
         <size>0x25c</size>
         <input_file_ref idref="fl-2"/>
      </object_component>
      <object_component id="oc-d2">
         <name>.debug_pubtypes</name>
         <load_address>0x607</load_address>
         <run_address>0x607</run_address>
         <size>0xff</size>
         <input_file_ref idref="fl-2"/>
      </object_component>
      <object_component id="oc-119">
         <name>.debug_pubtypes</name>
         <load_address>0x706</load_address>
         <run_address>0x706</run_address>
         <size>0x330</size>
         <input_file_ref idref="fl-2"/>
      </object_component>
      <object_component id="oc-cd">
         <name>.debug_pubtypes</name>
         <load_address>0xa36</load_address>
         <run_address>0xa36</run_address>
         <size>0xaa</size>
         <input_file_ref idref="fl-2"/>
      </object_component>
      <object_component id="oc-c8">
         <name>.debug_pubtypes</name>
         <load_address>0xae0</load_address>
         <run_address>0xae0</run_address>
         <size>0x23</size>
         <input_file_ref idref="fl-2"/>
      </object_component>
      <object_component id="oc-33">
         <name>.debug_pubtypes</name>
         <load_address>0xb03</load_address>
         <run_address>0xb03</run_address>
         <size>0xed</size>
         <input_file_ref idref="fl-3"/>
      </object_component>
      <object_component id="oc-3e">
         <name>.debug_pubtypes</name>
         <load_address>0xbf0</load_address>
         <run_address>0xbf0</run_address>
         <size>0x48</size>
         <input_file_ref idref="fl-bf"/>
      </object_component>
      <object_component id="oc-7a">
         <name>.debug_pubtypes</name>
         <load_address>0xc38</load_address>
         <run_address>0xc38</run_address>
         <size>0x1d</size>
         <input_file_ref idref="fl-bf"/>
      </object_component>
      <object_component id="oc-2e">
         <name>.debug_pubtypes</name>
         <load_address>0xc55</load_address>
         <run_address>0xc55</run_address>
         <size>0x5d</size>
         <input_file_ref idref="fl-c0"/>
      </object_component>
      <object_component id="oc-b4">
         <name>.debug_pubtypes</name>
         <load_address>0xcb2</load_address>
         <run_address>0xcb2</run_address>
         <size>0x48</size>
         <input_file_ref idref="fl-c0"/>
      </object_component>
      <object_component id="oc-73">
         <name>.debug_pubtypes</name>
         <load_address>0xcfa</load_address>
         <run_address>0xcfa</run_address>
         <size>0x35</size>
         <input_file_ref idref="fl-c0"/>
      </object_component>
      <object_component id="oc-15f">
         <name>.debug_pubtypes</name>
         <load_address>0xd2f</load_address>
         <run_address>0xd2f</run_address>
         <size>0x32</size>
         <input_file_ref idref="fl-c4"/>
      </object_component>
      <object_component id="oc-173">
         <name>.debug_pubtypes</name>
         <load_address>0xd61</load_address>
         <run_address>0xd61</run_address>
         <size>0x30</size>
         <input_file_ref idref="fl-c4"/>
      </object_component>
      <object_component id="oc-164">
         <name>.debug_pubtypes</name>
         <load_address>0xd91</load_address>
         <run_address>0xd91</run_address>
         <size>0x2c</size>
         <input_file_ref idref="fl-c4"/>
      </object_component>
      <object_component id="oc-169">
         <name>.debug_pubtypes</name>
         <load_address>0xdbd</load_address>
         <run_address>0xdbd</run_address>
         <size>0x50</size>
         <input_file_ref idref="fl-c4"/>
      </object_component>
   </object_component_list>
   <logical_group_list>
      <logical_group id="lg-3" display="no" color="cyan">
         <name>.intvecs</name>
         <load_address>0x0</load_address>
         <run_address>0x0</run_address>
         <size>0xe4</size>
         <contents>
            <object_component_ref idref="oc-26"/>
         </contents>
      </logical_group>
      <logical_group id="lg-4" display="no" color="cyan">
         <name>.text</name>
         <load_address>0xe4</load_address>
         <run_address>0xe4</run_address>
         <size>0x7e4</size>
         <contents>
            <object_component_ref idref="oc-93"/>
            <object_component_ref idref="oc-a5"/>
            <object_component_ref idref="oc-37"/>
            <object_component_ref idref="oc-17"/>
            <object_component_ref idref="oc-e2"/>
            <object_component_ref idref="oc-55"/>
            <object_component_ref idref="oc-1d"/>
            <object_component_ref idref="oc-67"/>
            <object_component_ref idref="oc-8d"/>
            <object_component_ref idref="oc-d6"/>
         </contents>
      </logical_group>
      <logical_group id="lg-5" display="no" color="cyan">
         <name>.const</name>
         <run_address>0x0</run_address>
         <size>0x0</size>
         <contents>
         </contents>
      </logical_group>
      <logical_group id="lg-6" display="no" color="cyan">
         <name>.cinit</name>
         <load_address>0x8c8</load_address>
         <run_address>0x8c8</run_address>
         <size>0x20</size>
         <contents>
            <object_component_ref idref="oc-1af"/>
            <object_component_ref idref="oc-1ad"/>
            <object_component_ref idref="oc-1ae"/>
         </contents>
      </logical_group>
      <logical_group id="lg-7" display="no" color="cyan">
         <name>.pinit</name>
         <run_address>0x0</run_address>
         <size>0x0</size>
         <contents>
         </contents>
      </logical_group>
      <logical_group id="lg-8" display="no" color="cyan">
         <name>.init_array</name>
         <run_address>0x0</run_address>
         <size>0x0</size>
         <contents>
         </contents>
      </logical_group>
      <logical_group id="lg-9" display="no" color="cyan">
         <name>.binit</name>
         <load_address>0x0</load_address>
         <run_address>0x0</run_address>
         <size>0x0</size>
         <contents>
            <object_component_ref idref="oc-181"/>
         </contents>
      </logical_group>
      <logical_group id="lg-a" display="no" color="cyan">
         <name>.flashMailbox</name>
         <run_address>0x0</run_address>
         <size>0x0</size>
         <contents>
         </contents>
      </logical_group>
      <logical_group id="lg-b" display="no" color="cyan">
         <name>.tlvTable</name>
         <run_address>0x0</run_address>
         <size>0x0</size>
         <contents>
         </contents>
      </logical_group>
      <logical_group id="lg-c" display="no" color="cyan">
         <name>.bslArea</name>
         <run_address>0x0</run_address>
         <size>0x0</size>
         <contents>
         </contents>
      </logical_group>
      <logical_group id="lg-d" display="no" color="cyan">
         <name>.vtable</name>
         <run_address>0x0</run_address>
         <size>0x0</size>
         <contents>
         </contents>
      </logical_group>
      <logical_group id="lg-e" display="no" color="cyan">
         <name>.data</name>
         <run_address>0x20000000</run_address>
         <size>0x1c</size>
         <contents>
            <object_component_ref idref="oc-c3"/>
            <object_component_ref idref="oc-114"/>
         </contents>
      </logical_group>
      <logical_group id="lg-f" display="no" color="cyan">
         <name>.bss</name>
         <run_address>0x0</run_address>
         <size>0x0</size>
         <contents>
         </contents>
      </logical_group>
      <logical_group id="lg-10" display="no" color="cyan">
         <name>.sysmem</name>
         <run_address>0x0</run_address>
         <size>0x0</size>
         <contents>
         </contents>
      </logical_group>
      <logical_group id="lg-11" display="no" color="cyan">
         <name>.stack</name>
         <run_address>0x2000fe00</run_address>
         <size>0x200</size>
         <contents>
            <object_component_ref idref="oc-29"/>
            <object_component_ref idref="oc-1b1"/>
         </contents>
      </logical_group>
      <logical_group id="lg-12" display="no" color="cyan">
         <name>.TI.ramfunc</name>
         <run_address>0x0</run_address>
         <size>0x0</size>
         <contents>
         </contents>
      </logical_group>
      <logical_group id="lg-17e" display="no" color="cyan">
         <name>.TI.noinit</name>
         <run_address>0x0</run_address>
         <size>0x0</size>
         <contents>
         </contents>
      </logical_group>
      <logical_group id="lg-17f" display="no" color="cyan">
         <name>.TI.persistent</name>
         <run_address>0x0</run_address>
         <size>0x0</size>
         <contents>
         </contents>
      </logical_group>
      <logical_group id="lg-180" display="no" color="cyan">
         <name>__llvm_prf_cnts</name>
         <run_address>0x20000000</run_address>
         <size>0x0</size>
         <contents>
         </contents>
      </logical_group>
      <logical_group id="lg-195" display="never" color="cyan">
         <name>.debug_info</name>
         <load_address>0x0</load_address>
         <run_address>0x0</run_address>
         <size>0x7f47</size>
         <contents>
            <object_component_ref idref="oc-11d"/>
            <object_component_ref idref="oc-c4"/>
            <object_component_ref idref="oc-94"/>
            <object_component_ref idref="oc-144"/>
            <object_component_ref idref="oc-149"/>
            <object_component_ref idref="oc-ae"/>
            <object_component_ref idref="oc-d1"/>
            <object_component_ref idref="oc-118"/>
            <object_component_ref idref="oc-cc"/>
            <object_component_ref idref="oc-c7"/>
            <object_component_ref idref="oc-6f"/>
            <object_component_ref idref="oc-27"/>
            <object_component_ref idref="oc-6b"/>
            <object_component_ref idref="oc-32"/>
            <object_component_ref idref="oc-115"/>
            <object_component_ref idref="oc-a7"/>
            <object_component_ref idref="oc-42"/>
            <object_component_ref idref="oc-21"/>
            <object_component_ref idref="oc-3d"/>
            <object_component_ref idref="oc-79"/>
            <object_component_ref idref="oc-77"/>
            <object_component_ref idref="oc-18"/>
            <object_component_ref idref="oc-2d"/>
            <object_component_ref idref="oc-b3"/>
            <object_component_ref idref="oc-72"/>
            <object_component_ref idref="oc-2a"/>
            <object_component_ref idref="oc-58"/>
            <object_component_ref idref="oc-3a"/>
            <object_component_ref idref="oc-12b"/>
            <object_component_ref idref="oc-e3"/>
            <object_component_ref idref="oc-15e"/>
            <object_component_ref idref="oc-172"/>
            <object_component_ref idref="oc-163"/>
            <object_component_ref idref="oc-168"/>
            <object_component_ref idref="oc-8e"/>
            <object_component_ref idref="oc-d8"/>
            <object_component_ref idref="oc-1b2"/>
         </contents>
      </logical_group>
      <logical_group id="lg-197" display="never" color="cyan">
         <name>.debug_line</name>
         <load_address>0x0</load_address>
         <run_address>0x0</run_address>
         <size>0x10a7</size>
         <contents>
            <object_component_ref idref="oc-143"/>
            <object_component_ref idref="oc-11f"/>
            <object_component_ref idref="oc-97"/>
            <object_component_ref idref="oc-147"/>
            <object_component_ref idref="oc-14c"/>
            <object_component_ref idref="oc-b1"/>
            <object_component_ref idref="oc-d4"/>
            <object_component_ref idref="oc-11b"/>
            <object_component_ref idref="oc-cf"/>
            <object_component_ref idref="oc-ca"/>
            <object_component_ref idref="oc-ad"/>
            <object_component_ref idref="oc-6e"/>
            <object_component_ref idref="oc-68"/>
            <object_component_ref idref="oc-35"/>
            <object_component_ref idref="oc-141"/>
            <object_component_ref idref="oc-aa"/>
            <object_component_ref idref="oc-7f"/>
            <object_component_ref idref="oc-20"/>
            <object_component_ref idref="oc-40"/>
            <object_component_ref idref="oc-7c"/>
            <object_component_ref idref="oc-b9"/>
            <object_component_ref idref="oc-1c"/>
            <object_component_ref idref="oc-30"/>
            <object_component_ref idref="oc-b6"/>
            <object_component_ref idref="oc-75"/>
            <object_component_ref idref="oc-71"/>
            <object_component_ref idref="oc-5a"/>
            <object_component_ref idref="oc-38"/>
            <object_component_ref idref="oc-15d"/>
            <object_component_ref idref="oc-e6"/>
            <object_component_ref idref="oc-161"/>
            <object_component_ref idref="oc-175"/>
            <object_component_ref idref="oc-166"/>
            <object_component_ref idref="oc-16b"/>
            <object_component_ref idref="oc-91"/>
            <object_component_ref idref="oc-d7"/>
         </contents>
      </logical_group>
      <logical_group id="lg-199" display="never" color="cyan">
         <name>.debug_frame</name>
         <load_address>0x0</load_address>
         <run_address>0x0</run_address>
         <size>0x4b8</size>
         <contents>
            <object_component_ref idref="oc-98"/>
            <object_component_ref idref="oc-69"/>
            <object_component_ref idref="oc-a6"/>
            <object_component_ref idref="oc-1e"/>
            <object_component_ref idref="oc-1b"/>
            <object_component_ref idref="oc-56"/>
            <object_component_ref idref="oc-e7"/>
            <object_component_ref idref="oc-92"/>
            <object_component_ref idref="oc-db"/>
         </contents>
      </logical_group>
      <logical_group id="lg-19b" display="never" color="cyan">
         <name>.debug_abbrev</name>
         <load_address>0x0</load_address>
         <run_address>0x0</run_address>
         <size>0xb70</size>
         <contents>
            <object_component_ref idref="oc-142"/>
            <object_component_ref idref="oc-11e"/>
            <object_component_ref idref="oc-c6"/>
            <object_component_ref idref="oc-146"/>
            <object_component_ref idref="oc-14b"/>
            <object_component_ref idref="oc-b0"/>
            <object_component_ref idref="oc-d3"/>
            <object_component_ref idref="oc-11a"/>
            <object_component_ref idref="oc-ce"/>
            <object_component_ref idref="oc-c9"/>
            <object_component_ref idref="oc-ac"/>
            <object_component_ref idref="oc-6d"/>
            <object_component_ref idref="oc-ab"/>
            <object_component_ref idref="oc-34"/>
            <object_component_ref idref="oc-140"/>
            <object_component_ref idref="oc-117"/>
            <object_component_ref idref="oc-7e"/>
            <object_component_ref idref="oc-3c"/>
            <object_component_ref idref="oc-3f"/>
            <object_component_ref idref="oc-7b"/>
            <object_component_ref idref="oc-b8"/>
            <object_component_ref idref="oc-2c"/>
            <object_component_ref idref="oc-2f"/>
            <object_component_ref idref="oc-b5"/>
            <object_component_ref idref="oc-74"/>
            <object_component_ref idref="oc-70"/>
            <object_component_ref idref="oc-9c"/>
            <object_component_ref idref="oc-78"/>
            <object_component_ref idref="oc-15c"/>
            <object_component_ref idref="oc-12a"/>
            <object_component_ref idref="oc-160"/>
            <object_component_ref idref="oc-174"/>
            <object_component_ref idref="oc-165"/>
            <object_component_ref idref="oc-16a"/>
            <object_component_ref idref="oc-c2"/>
            <object_component_ref idref="oc-120"/>
            <object_component_ref idref="oc-1b3"/>
         </contents>
      </logical_group>
      <logical_group id="lg-19d" display="never" color="cyan">
         <name>.debug_str</name>
         <load_address>0x0</load_address>
         <run_address>0x0</run_address>
         <size>0x2f20</size>
         <contents>
            <object_component_ref idref="oc-148"/>
            <object_component_ref idref="oc-14d"/>
            <object_component_ref idref="oc-b2"/>
            <object_component_ref idref="oc-d5"/>
            <object_component_ref idref="oc-11c"/>
            <object_component_ref idref="oc-d0"/>
            <object_component_ref idref="oc-cb"/>
            <object_component_ref idref="oc-36"/>
            <object_component_ref idref="oc-41"/>
            <object_component_ref idref="oc-7d"/>
            <object_component_ref idref="oc-31"/>
            <object_component_ref idref="oc-b7"/>
            <object_component_ref idref="oc-76"/>
            <object_component_ref idref="oc-162"/>
            <object_component_ref idref="oc-176"/>
            <object_component_ref idref="oc-167"/>
            <object_component_ref idref="oc-16c"/>
         </contents>
      </logical_group>
      <logical_group id="lg-19f" display="never" color="cyan">
         <name>.debug_aranges</name>
         <load_address>0x0</load_address>
         <run_address>0x0</run_address>
         <size>0x1d0</size>
         <contents>
            <object_component_ref idref="oc-96"/>
            <object_component_ref idref="oc-6a"/>
            <object_component_ref idref="oc-a9"/>
            <object_component_ref idref="oc-1f"/>
            <object_component_ref idref="oc-19"/>
            <object_component_ref idref="oc-57"/>
            <object_component_ref idref="oc-39"/>
            <object_component_ref idref="oc-e4"/>
            <object_component_ref idref="oc-90"/>
            <object_component_ref idref="oc-d9"/>
         </contents>
      </logical_group>
      <logical_group id="lg-1a1" display="never" color="cyan">
         <name>.debug_pubnames</name>
         <load_address>0x0</load_address>
         <run_address>0x0</run_address>
         <size>0x38d</size>
         <contents>
            <object_component_ref idref="oc-c5"/>
            <object_component_ref idref="oc-95"/>
            <object_component_ref idref="oc-28"/>
            <object_component_ref idref="oc-6c"/>
            <object_component_ref idref="oc-116"/>
            <object_component_ref idref="oc-a8"/>
            <object_component_ref idref="oc-22"/>
            <object_component_ref idref="oc-1a"/>
            <object_component_ref idref="oc-2b"/>
            <object_component_ref idref="oc-59"/>
            <object_component_ref idref="oc-3b"/>
            <object_component_ref idref="oc-e5"/>
            <object_component_ref idref="oc-8f"/>
            <object_component_ref idref="oc-da"/>
         </contents>
      </logical_group>
      <logical_group id="lg-1a3" display="never" color="cyan">
         <name>.debug_pubtypes</name>
         <load_address>0x0</load_address>
         <run_address>0x0</run_address>
         <size>0xe0d</size>
         <contents>
            <object_component_ref idref="oc-145"/>
            <object_component_ref idref="oc-14a"/>
            <object_component_ref idref="oc-af"/>
            <object_component_ref idref="oc-d2"/>
            <object_component_ref idref="oc-119"/>
            <object_component_ref idref="oc-cd"/>
            <object_component_ref idref="oc-c8"/>
            <object_component_ref idref="oc-33"/>
            <object_component_ref idref="oc-3e"/>
            <object_component_ref idref="oc-7a"/>
            <object_component_ref idref="oc-2e"/>
            <object_component_ref idref="oc-b4"/>
            <object_component_ref idref="oc-73"/>
            <object_component_ref idref="oc-15f"/>
            <object_component_ref idref="oc-173"/>
            <object_component_ref idref="oc-164"/>
            <object_component_ref idref="oc-169"/>
         </contents>
      </logical_group>
      <logical_group id="lg-1b0" display="no" color="cyan">
         <name>Veneer$$CMSE</name>
         <run_address>0x0</run_address>
         <size>0x0</size>
         <contents>
         </contents>
      </logical_group>
      <load_segment id="lg-1b5" display="no" color="cyan">
         <name>SEGMENT_0</name>
         <load_address>0x0</load_address>
         <run_address>0x0</run_address>
         <size>0x8e8</size>
         <flags>0x5</flags>
         <contents>
            <logical_group_ref idref="lg-3"/>
            <logical_group_ref idref="lg-4"/>
            <logical_group_ref idref="lg-6"/>
         </contents>
      </load_segment>
      <load_segment id="lg-1b6" display="no" color="cyan">
         <name>SEGMENT_1</name>
         <run_address>0x20000000</run_address>
         <size>0x1c</size>
         <flags>0x6</flags>
         <contents>
            <logical_group_ref idref="lg-e"/>
         </contents>
      </load_segment>
      <load_segment id="lg-1b7" display="no" color="cyan">
         <name>SEGMENT_2</name>
         <run_address>0x2000fe00</run_address>
         <size>0x200</size>
         <flags>0x6</flags>
         <contents>
            <logical_group_ref idref="lg-11"/>
         </contents>
      </load_segment>
   </logical_group_list>
   <placement_map>
      <memory_area display="yes" color="green">
         <name>MAIN</name>
         <page_id>0x0</page_id>
         <origin>0x0</origin>
         <length>0x40000</length>
         <used_space>0x8e8</used_space>
         <unused_space>0x3f718</unused_space>
         <attributes>RX</attributes>
         <usage_details>
            <allocated_space>
               <start_address>0x0</start_address>
               <size>0x0</size>
               <logical_group_ref idref="lg-9"/>
            </allocated_space>
            <allocated_space>
               <start_address>0x0</start_address>
               <size>0xe4</size>
               <logical_group_ref idref="lg-3"/>
            </allocated_space>
            <allocated_space>
               <start_address>0xe4</start_address>
               <size>0x7e4</size>
               <logical_group_ref idref="lg-4"/>
            </allocated_space>
            <allocated_space>
               <start_address>0x8c8</start_address>
               <size>0x20</size>
               <logical_group_ref idref="lg-6"/>
            </allocated_space>
            <available_space>
               <start_address>0x8e8</start_address>
               <size>0x3f718</size>
            </available_space>
         </usage_details>
      </memory_area>
      <memory_area display="yes" color="green">
         <name>INFO</name>
         <page_id>0x0</page_id>
         <origin>0x200000</origin>
         <length>0x4000</length>
         <used_space>0x0</used_space>
         <unused_space>0x4000</unused_space>
         <attributes>RX</attributes>
         <usage_details>
         </usage_details>
      </memory_area>
      <memory_area display="yes" color="green">
         <name>SRAM_CODE</name>
         <page_id>0x0</page_id>
         <origin>0x1000000</origin>
         <length>0x10000</length>
         <used_space>0x21c</used_space>
         <unused_space>0xfde4</unused_space>
         <attributes>RWX</attributes>
         <usage_details>
            <allocated_space>
               <start_address>0x1000000</start_address>
               <size>0x0</size>
               <logical_group_ref idref="lg-180"/>
            </allocated_space>
            <allocated_space>
               <start_address>0x1000000</start_address>
               <size>0x1c</size>
               <logical_group_ref idref="lg-e"/>
            </allocated_space>
            <available_space>
               <start_address>0x100001c</start_address>
               <size>0xfde4</size>
            </available_space>
            <allocated_space>
               <start_address>0x100fe00</start_address>
               <size>0x200</size>
               <logical_group_ref idref="lg-11"/>
            </allocated_space>
         </usage_details>
      </memory_area>
      <memory_area display="yes" color="green">
         <name>SRAM_DATA</name>
         <page_id>0x0</page_id>
         <origin>0x20000000</origin>
         <length>0x10000</length>
         <used_space>0x21c</used_space>
         <unused_space>0xfde4</unused_space>
         <attributes>RW</attributes>
         <usage_details>
            <allocated_space>
               <start_address>0x20000000</start_address>
               <size>0x0</size>
               <logical_group_ref idref="lg-180"/>
            </allocated_space>
            <allocated_space>
               <start_address>0x20000000</start_address>
               <size>0x1c</size>
               <logical_group_ref idref="lg-e"/>
            </allocated_space>
            <available_space>
               <start_address>0x2000001c</start_address>
               <size>0xfde4</size>
            </available_space>
            <allocated_space>
               <start_address>0x2000fe00</start_address>
               <size>0x200</size>
               <logical_group_ref idref="lg-11"/>
            </allocated_space>
         </usage_details>
      </memory_area>
   </placement_map>
   <cptbl_list>
      <cptbl>
         <name>__TI_cinit_table</name>
         <cprec>
            <name>.data</name>
            <load_address>0x8c8</load_address>
            <load_size>0xd</load_size>
            <run_address>0x20000000</run_address>
            <run_size>0x1c</run_size>
            <compression>lzss</compression>
         </cprec>
      </cptbl>
   </cptbl_list>
   <handler_table>
      <handler_table_name>__TI_handler_table</handler_table_name>
      <handler>
         <index>0x0</index>
         <name>__TI_decompress_lzss</name>
      </handler>
      <handler>
         <index>0x1</index>
         <name>__TI_decompress_none</name>
      </handler>
   </handler_table>
   <symbol_table>
      <symbol id="sm-1">
         <name>WDTCTL_SYM</name>
         <value>0x4000480c</value>
      </symbol>
      <symbol id="sm-2">
         <name>__start___llvm_prf_cnts</name>
         <value>0x20000000</value>
      </symbol>
      <symbol id="sm-3">
         <name>__stop___llvm_prf_cnts</name>
         <value>0x20000000</value>
      </symbol>
      <symbol id="sm-4">
         <name>__TI_CINIT_Base</name>
         <value>0x8e0</value>
      </symbol>
      <symbol id="sm-5">
         <name>__TI_CINIT_Limit</name>
         <value>0x8e8</value>
      </symbol>
      <symbol id="sm-6">
         <name>__TI_Handler_Table_Base</name>
         <value>0x8d8</value>
      </symbol>
      <symbol id="sm-7">
         <name>__TI_Handler_Table_Limit</name>
         <value>0x8e0</value>
      </symbol>
      <symbol id="sm-8">
         <name>binit</name>
         <value>0xffffffff</value>
      </symbol>
      <symbol id="sm-9">
         <name>__binit__</name>
         <value>0xffffffff</value>
      </symbol>
      <symbol id="sm-a">
         <name>__STACK_SIZE</name>
         <value>0x200</value>
      </symbol>
      <symbol id="sm-b">
         <name>__STACK_END</name>
         <value>0x20010000</value>
      </symbol>
      <symbol id="sm-c">
         <name>__c_args__</name>
         <value>0xffffffff</value>
      </symbol>
      <symbol id="sm-d">
         <name>__TI_pprof_out_hndl</name>
         <value>0xffffffff</value>
      </symbol>
      <symbol id="sm-e">
         <name>__TI_prof_data_start</name>
         <value>0xffffffff</value>
      </symbol>
      <symbol id="sm-f">
         <name>__TI_prof_data_size</name>
         <value>0xffffffff</value>
      </symbol>
      <symbol id="sm-b8">
         <name>Clock_Delay1ms</name>
         <value>0x435</value>
         <object_component_ref idref="oc-93"/>
      </symbol>
      <symbol id="sm-b9">
         <name>Crystalstable</name>
         <value>0x20000014</value>
         <object_component_ref idref="oc-c3"/>
      </symbol>
      <symbol id="sm-ba">
         <name>MotorStop</name>
         <value>0x381</value>
         <object_component_ref idref="oc-93"/>
      </symbol>
      <symbol id="sm-bb">
         <name>MotorForward</name>
         <value>0x25d</value>
         <object_component_ref idref="oc-93"/>
      </symbol>
      <symbol id="sm-bc">
         <name>Clock_Delay1us</name>
         <value>0x40d</value>
         <object_component_ref idref="oc-93"/>
      </symbol>
      <symbol id="sm-bd">
         <name>Clock_GetFreq</name>
         <value>0x401</value>
         <object_component_ref idref="oc-93"/>
      </symbol>
      <symbol id="sm-be">
         <name>MotorBackward</name>
         <value>0x397</value>
         <object_component_ref idref="oc-93"/>
      </symbol>
      <symbol id="sm-bf">
         <name>Prewait</name>
         <value>0x20000004</value>
         <object_component_ref idref="oc-c3"/>
      </symbol>
      <symbol id="sm-c0">
         <name>StartCritical</name>
         <value>0x321</value>
         <object_component_ref idref="oc-93"/>
      </symbol>
      <symbol id="sm-c1">
         <name>MotorInit</name>
         <value>0x1d9</value>
         <object_component_ref idref="oc-93"/>
      </symbol>
      <symbol id="sm-c2">
         <name>IFlags</name>
         <value>0x20000010</value>
         <object_component_ref idref="oc-c3"/>
      </symbol>
      <symbol id="sm-c3">
         <name>ClockFrequency</name>
         <value>0x20000000</value>
         <object_component_ref idref="oc-c3"/>
      </symbol>
      <symbol id="sm-c4">
         <name>Postwait</name>
         <value>0x2000000c</value>
         <object_component_ref idref="oc-c3"/>
      </symbol>
      <symbol id="sm-c5">
         <name>main</name>
         <value>0x2b1</value>
         <object_component_ref idref="oc-93"/>
      </symbol>
      <symbol id="sm-c6">
         <name>delay</name>
         <value>0x315</value>
         <object_component_ref idref="oc-93"/>
      </symbol>
      <symbol id="sm-c7">
         <name>EndCritical</name>
         <value>0x3e3</value>
         <object_component_ref idref="oc-93"/>
      </symbol>
      <symbol id="sm-c8">
         <name>MotorTurnRight</name>
         <value>0x207</value>
         <object_component_ref idref="oc-93"/>
      </symbol>
      <symbol id="sm-c9">
         <name>CPMwait</name>
         <value>0x20000008</value>
         <object_component_ref idref="oc-c3"/>
      </symbol>
      <symbol id="sm-ca">
         <name>DisableInterrupts</name>
         <value>0x3f7</value>
         <object_component_ref idref="oc-93"/>
      </symbol>
      <symbol id="sm-cb">
         <name>WaitForInterrupt</name>
         <value>0x31b</value>
         <object_component_ref idref="oc-93"/>
      </symbol>
      <symbol id="sm-cc">
         <name>EnableInterrupts</name>
         <value>0x3f1</value>
         <object_component_ref idref="oc-93"/>
      </symbol>
      <symbol id="sm-cd">
         <name>MotorTurnLeft</name>
         <value>0x32b</value>
         <object_component_ref idref="oc-93"/>
      </symbol>
      <symbol id="sm-ce">
         <name>Clock_Init48MHz</name>
         <value>0xe5</value>
         <object_component_ref idref="oc-93"/>
      </symbol>
      <symbol id="sm-e8">
         <name>Reset_Handler</name>
         <value>0x8b3</value>
         <object_component_ref idref="oc-67"/>
      </symbol>
      <symbol id="sm-e9">
         <name>Default_Handler</name>
         <value>0x8bf</value>
         <object_component_ref idref="oc-67"/>
      </symbol>
      <symbol id="sm-ea">
         <name>interruptVectors</name>
         <value>0x0</value>
         <object_component_ref idref="oc-26"/>
      </symbol>
      <symbol id="sm-124">
         <name>SystemInit</name>
         <value>0x4a1</value>
         <object_component_ref idref="oc-a5"/>
      </symbol>
      <symbol id="sm-125">
         <name>SystemCoreClockUpdate</name>
         <value>0x4f1</value>
         <object_component_ref idref="oc-a5"/>
      </symbol>
      <symbol id="sm-126">
         <name>SystemCoreClock</name>
         <value>0x20000018</value>
         <object_component_ref idref="oc-114"/>
      </symbol>
      <symbol id="sm-13e">
         <name>__TI_decompress_none</name>
         <value>0x8a5</value>
         <object_component_ref idref="oc-1d"/>
      </symbol>
      <symbol id="sm-161">
         <name>__TI_decompress_lzss</name>
         <value>0x7c5</value>
         <object_component_ref idref="oc-17"/>
      </symbol>
      <symbol id="sm-174">
         <name>__stack</name>
         <value>0x2000fe00</value>
         <object_component_ref idref="oc-29"/>
      </symbol>
      <symbol id="sm-175">
         <name>_c_int00_noargs</name>
         <value>0x871</value>
         <object_component_ref idref="oc-55"/>
      </symbol>
      <symbol id="sm-190">
         <name>memcpy</name>
         <value>0x729</value>
         <object_component_ref idref="oc-37"/>
      </symbol>
      <symbol id="sm-191">
         <name>__aeabi_memcpy</name>
         <value>0x729</value>
         <object_component_ref idref="oc-37"/>
      </symbol>
      <symbol id="sm-192">
         <name>__aeabi_memcpy8</name>
         <value>0x729</value>
         <object_component_ref idref="oc-37"/>
      </symbol>
      <symbol id="sm-193">
         <name>__aeabi_memcpy4</name>
         <value>0x729</value>
         <object_component_ref idref="oc-37"/>
      </symbol>
      <symbol id="sm-1bc">
         <name>__TI_auto_init_nobinit_nopinit</name>
         <value>0x82d</value>
         <object_component_ref idref="oc-e2"/>
      </symbol>
      <symbol id="sm-1c6">
         <name>_system_pre_init</name>
         <value>0x8c1</value>
         <object_component_ref idref="oc-8d"/>
      </symbol>
      <symbol id="sm-1d2">
         <name>C$$EXIT</name>
         <value>0x8c5</value>
         <object_component_ref idref="oc-d6"/>
      </symbol>
      <symbol id="sm-1d3">
         <name>abort</name>
         <value>0x8c5</value>
         <object_component_ref idref="oc-d6"/>
      </symbol>
      <symbol id="sm-1d6">
         <name>__TI_static_base__</name>
         <value>0x0</value>
      </symbol>
      <symbol id="sm-1d9">
         <name>__mpu_init</name>
         <value>0x0</value>
      </symbol>
      <symbol id="sm-1da">
         <name>_system_post_cinit</name>
         <value>0x0</value>
      </symbol>
      <symbol id="sm-1db">
         <name>NMI_Handler</name>
         <value>0x8bf</value>
      </symbol>
      <symbol id="sm-1dc">
         <name>HardFault_Handler</name>
         <value>0x8bf</value>
      </symbol>
      <symbol id="sm-1dd">
         <name>MemManage_Handler</name>
         <value>0x8bf</value>
      </symbol>
      <symbol id="sm-1de">
         <name>BusFault_Handler</name>
         <value>0x8bf</value>
      </symbol>
      <symbol id="sm-1df">
         <name>UsageFault_Handler</name>
         <value>0x8bf</value>
      </symbol>
      <symbol id="sm-1e0">
         <name>SVC_Handler</name>
         <value>0x8bf</value>
      </symbol>
      <symbol id="sm-1e1">
         <name>DebugMon_Handler</name>
         <value>0x8bf</value>
      </symbol>
      <symbol id="sm-1e2">
         <name>PendSV_Handler</name>
         <value>0x8bf</value>
      </symbol>
      <symbol id="sm-1e3">
         <name>SysTick_Handler</name>
         <value>0x8bf</value>
      </symbol>
      <symbol id="sm-1e4">
         <name>PSS_IRQHandler</name>
         <value>0x8bf</value>
      </symbol>
      <symbol id="sm-1e5">
         <name>CS_IRQHandler</name>
         <value>0x8bf</value>
      </symbol>
      <symbol id="sm-1e6">
         <name>PCM_IRQHandler</name>
         <value>0x8bf</value>
      </symbol>
      <symbol id="sm-1e7">
         <name>WDT_A_IRQHandler</name>
         <value>0x8bf</value>
      </symbol>
      <symbol id="sm-1e8">
         <name>FPU_IRQHandler</name>
         <value>0x8bf</value>
      </symbol>
      <symbol id="sm-1e9">
         <name>FLCTL_IRQHandler</name>
         <value>0x8bf</value>
      </symbol>
      <symbol id="sm-1ea">
         <name>COMP_E0_IRQHandler</name>
         <value>0x8bf</value>
      </symbol>
      <symbol id="sm-1eb">
         <name>COMP_E1_IRQHandler</name>
         <value>0x8bf</value>
      </symbol>
      <symbol id="sm-1ec">
         <name>TA0_0_IRQHandler</name>
         <value>0x8bf</value>
      </symbol>
      <symbol id="sm-1ed">
         <name>TA0_N_IRQHandler</name>
         <value>0x8bf</value>
      </symbol>
      <symbol id="sm-1ee">
         <name>TA1_0_IRQHandler</name>
         <value>0x8bf</value>
      </symbol>
      <symbol id="sm-1ef">
         <name>TA1_N_IRQHandler</name>
         <value>0x8bf</value>
      </symbol>
      <symbol id="sm-1f0">
         <name>TA2_0_IRQHandler</name>
         <value>0x8bf</value>
      </symbol>
      <symbol id="sm-1f1">
         <name>TA2_N_IRQHandler</name>
         <value>0x8bf</value>
      </symbol>
      <symbol id="sm-1f2">
         <name>TA3_0_IRQHandler</name>
         <value>0x8bf</value>
      </symbol>
      <symbol id="sm-1f3">
         <name>TA3_N_IRQHandler</name>
         <value>0x8bf</value>
      </symbol>
      <symbol id="sm-1f4">
         <name>EUSCIA0_IRQHandler</name>
         <value>0x8bf</value>
      </symbol>
      <symbol id="sm-1f5">
         <name>EUSCIA1_IRQHandler</name>
         <value>0x8bf</value>
      </symbol>
      <symbol id="sm-1f6">
         <name>EUSCIA2_IRQHandler</name>
         <value>0x8bf</value>
      </symbol>
      <symbol id="sm-1f7">
         <name>EUSCIA3_IRQHandler</name>
         <value>0x8bf</value>
      </symbol>
      <symbol id="sm-1f8">
         <name>EUSCIB0_IRQHandler</name>
         <value>0x8bf</value>
      </symbol>
      <symbol id="sm-1f9">
         <name>EUSCIB1_IRQHandler</name>
         <value>0x8bf</value>
      </symbol>
      <symbol id="sm-1fa">
         <name>EUSCIB2_IRQHandler</name>
         <value>0x8bf</value>
      </symbol>
      <symbol id="sm-1fb">
         <name>EUSCIB3_IRQHandler</name>
         <value>0x8bf</value>
      </symbol>
      <symbol id="sm-1fc">
         <name>ADC14_IRQHandler</name>
         <value>0x8bf</value>
      </symbol>
      <symbol id="sm-1fd">
         <name>T32_INT1_IRQHandler</name>
         <value>0x8bf</value>
      </symbol>
      <symbol id="sm-1fe">
         <name>T32_INT2_IRQHandler</name>
         <value>0x8bf</value>
      </symbol>
      <symbol id="sm-1ff">
         <name>T32_INTC_IRQHandler</name>
         <value>0x8bf</value>
      </symbol>
      <symbol id="sm-200">
         <name>AES256_IRQHandler</name>
         <value>0x8bf</value>
      </symbol>
      <symbol id="sm-201">
         <name>RTC_C_IRQHandler</name>
         <value>0x8bf</value>
      </symbol>
      <symbol id="sm-202">
         <name>DMA_ERR_IRQHandler</name>
         <value>0x8bf</value>
      </symbol>
      <symbol id="sm-203">
         <name>DMA_INT3_IRQHandler</name>
         <value>0x8bf</value>
      </symbol>
      <symbol id="sm-204">
         <name>DMA_INT2_IRQHandler</name>
         <value>0x8bf</value>
      </symbol>
      <symbol id="sm-205">
         <name>DMA_INT1_IRQHandler</name>
         <value>0x8bf</value>
      </symbol>
      <symbol id="sm-206">
         <name>DMA_INT0_IRQHandler</name>
         <value>0x8bf</value>
      </symbol>
      <symbol id="sm-207">
         <name>PORT1_IRQHandler</name>
         <value>0x8bf</value>
      </symbol>
      <symbol id="sm-208">
         <name>PORT2_IRQHandler</name>
         <value>0x8bf</value>
      </symbol>
      <symbol id="sm-209">
         <name>PORT3_IRQHandler</name>
         <value>0x8bf</value>
      </symbol>
      <symbol id="sm-20a">
         <name>PORT4_IRQHandler</name>
         <value>0x8bf</value>
      </symbol>
      <symbol id="sm-20b">
         <name>PORT5_IRQHandler</name>
         <value>0x8bf</value>
      </symbol>
      <symbol id="sm-20c">
         <name>PORT6_IRQHandler</name>
         <value>0x8bf</value>
      </symbol>
   </symbol_table>
   <title>Link successful</title>
</link_info>
